Order ID,Order Date,Shipment Date,Delivery Date,Customer ID,Customer Region,Customer Country,Product ID,Product Name,Product Category,Supplier ID,Supplier Name,Supplier Region,Warehouse ID,Warehouse Location,Transportation Mode,Order Quantity,Unit Price,Total Cost,Shipping Cost,Delivery Time Days,Inventory Level,Order Status,Profit
100000,4/12/2024,4/15/2024,4/24/2024,C6734,Asia,China,P16265,Denim Jeans,Apparel,S566,Atlas Sourcing,Europe,WH 02,Lahore,Road,224,16.39,3671.36,18.82,9,2285,Delivered,668.08
100001,2/17/2025,2/22/2025,2/25/2025,C7420,Africa,Egypt,P93104,Bluetooth Speaker,Electronics,S559,BlueRiver Trading,Europe,WH 04,Istanbul,Road,323,264.66,85485.18,21.63,3,797,Cancelled,-21.2
100002,11/30/2025,12/5/2025,12/9/2025,C2267,Africa,Kenya,P41551,Face Mask Box,Healthcare,S604,Atlas Sourcing,Middle East,WH 10,Cairo,Road,140,78.52,10992.8,16.44,4,846,In Transit,2109.07
100003,8/29/2024,8/30/2024,9/3/2024,C7235,Asia,Vietnam,P33483,Bottled Water Case,FMCG,S554,Zenith Procurement,North America,WH 03,Dubai,Air,437,27.28,11921.36,56.83,4,4314,Delivered,821.66
100004,1/24/2025,1/29/2025,2/17/2025,C7873,North America,United States,P81211,Power Bank,Electronics,S261,BlueRiver Trading,North America,WH 06,Amsterdam,Sea,211,408.98,86294.78,8.79,19,319,Delivered,13786.48
100005,12/2/2025,12/6/2025,12/11/2025,C5887,Asia,China,P22185,Storage Cabinet,Furniture,S316,BlueRiver Trading,Middle East,WH 02,Lahore,Air,261,228.18,59554.98,45.42,5,542,Delivered,7811.56
100006,12/9/2024,12/9/2024,12/13/2024,C6258,Africa,Nigeria,P97538,First Aid Kit,Healthcare,S692,BlueRiver Trading,Asia,WH 04,Istanbul,Air,401,67.78,27179.78,54.5,4,3761,Delivered,4897.75
100007,2/2/2024,2/7/2024,2/12/2024,C9154,Asia,Vietnam,P80592,Shampoo Pack,FMCG,S838,Evergreen Partners,North America,WH 08,Chicago,Air,110,48.73,5360.3,35.64,5,2990,Delivered,769.61
100008,1/27/2025,1/28/2025,1/30/2025,C8858,Europe,Italy,P60015,Denim Jeans,Apparel,S842,Nova Industrial,Asia,WH 10,Cairo,Air,250,44.58,11145,44.71,2,245,Delivered,1380.36
100009,10/16/2025,10/18/2025,11/9/2025,C4157,Africa,Kenya,P32299,Bottled Water Case,FMCG,S677,Evergreen Partners,North America,WH 09,Johannesburg,Sea,179,41.37,7405.23,11.28,22,3360,Delivered,538.59
100010,11/26/2024,11/27/2024,12/13/2024,C8392,North America,United States,P40080,Shampoo Pack,FMCG,S476,Zenith Procurement,Middle East,WH 05,Frankfurt,Sea,292,24.22,7072.24,13.34,16,2975,Delivered,491.66
100011,11/13/2024,11/17/2024,11/24/2024,C1663,Europe,Netherlands,P44766,Denim Jeans,Apparel,S926,Pioneer Distribution,Middle East,WH 08,Chicago,Road,383,34.06,13044.98,23.33,7,1645,Delivered,3816.54
100012,5/24/2025,5/25/2025,6/6/2025,C4696,North America,United States,P36736,Detergent Bag,FMCG,S101,Summit Supply Co,North America,WH 10,Cairo,Sea,139,23.5,3266.5,7.82,12,1154,Delivered,257.23
100013,11/14/2025,11/15/2025,11/24/2025,C5931,Africa,Egypt,P62662,Denim Jeans,Apparel,S302,Crescent Logistics,Africa,WH 08,Chicago,Rail,193,36.14,6975.02,11.39,9,916,Delivered,2057.99
100014,5/25/2025,5/25/2025,6/4/2025,C3511,Asia,Vietnam,P25708,Smart Watch,Electronics,S870,Crescent Logistics,Middle East,WH 10,Cairo,Road,157,187.12,29377.84,16.92,10,452,Delivered,3767.33
100015,5/3/2025,5/3/2025,5/12/2025,C3385,Middle East,Oman,P21111,Face Mask Box,Healthcare,S740,Summit Supply Co,North America,WH 09,Johannesburg,Road,276,35.97,9927.72,20.3,9,4261,Delivered,900.44
100016,7/25/2025,7/25/2025,7/28/2025,C5548,Asia,China,P39855,Hand Sanitizer Case,Healthcare,S108,Zenith Procurement,Asia,WH 05,Frankfurt,Road,242,36.64,8866.88,14.32,3,2455,Delivered,1505.32
100017,8/9/2025,8/9/2025,8/20/2025,C5199,Europe,Spain,P71267,Wireless Earbuds,Electronics,S353,Summit Supply Co,Europe,WH 09,Johannesburg,Rail,236,205.19,48424.84,12.17,11,1546,In Transit,4952.01
100018,6/11/2024,6/15/2024,6/25/2024,C6699,North America,Mexico,P33328,Thermometer,Healthcare,S497,Atlas Sourcing,Europe,WH 06,Amsterdam,Road,286,22.66,6480.76,20.58,10,1727,Delivered,987.11
100019,4/4/2025,4/6/2025,4/18/2025,C2045,Africa,Morocco,P16893,Router,Electronics,S769,Zenith Procurement,Middle East,WH 01,Karachi,Sea,47,441.77,20763.19,8.88,12,612,Delivered,3962.57
100020,10/10/2024,10/10/2024,10/16/2024,C8683,North America,Canada,P83744,Shampoo Pack,FMCG,S271,Atlas Sourcing,Africa,WH 02,Lahore,Road,229,26.15,5988.35,18.97,6,1369,Delivered,292.48
100021,5/11/2025,5/16/2025,5/22/2025,C1699,Middle East,United Arab Emirates,P64240,First Aid Kit,Healthcare,S215,Crescent Logistics,Middle East,WH 09,Johannesburg,Road,200,33.07,6614,13.44,6,3175,Delivered,595.27
100022,7/19/2025,7/20/2025,8/1/2025,C4863,North America,Mexico,P82991,Face Mask Box,Healthcare,S953,Atlas Sourcing,Africa,WH 04,Istanbul,Sea,160,19.49,3118.4,10.94,12,354,Delivered,551.39
100023,9/2/2024,9/6/2024,9/8/2024,C6986,Middle East,Qatar,P60993,Storage Cabinet,Furniture,S507,Pioneer Distribution,Asia,WH 04,Istanbul,Air,22,65.29,1436.38,29.94,2,85,Delivered,291.8
100024,2/3/2025,2/8/2025,3/1/2025,C6919,Asia,Bangladesh,P20966,Router,Electronics,S953,Summit Supply Co,Europe,WH 10,Cairo,Sea,60,241.58,14494.8,9.11,21,624,Delivered,2896.47
100025,11/12/2025,11/17/2025,12/11/2025,C3491,Asia,Pakistan,P90135,Smart Watch,Electronics,S152,BlueRiver Trading,Asia,WH 06,Amsterdam,Sea,69,144.17,9947.73,6.87,24,54,Delivered,1059.66
100026,10/17/2025,10/21/2025,10/24/2025,C2693,Africa,Kenya,P96672,Sportswear Set,Apparel,S219,Atlas Sourcing,Africa,WH 03,Dubai,Road,328,57.69,18922.32,16.13,3,1231,In Transit,5519.21
100027,1/27/2025,1/30/2025,2/10/2025,C1512,Europe,Sweden,P56175,Floor Lamp,Furniture,S737,Atlas Sourcing,Asia,WH 02,Lahore,Rail,127,261.52,33213.04,13.78,11,537,Delivered,6717.55
100028,8/3/2025,8/8/2025,8/21/2025,C2679,North America,Canada,P79042,Floor Lamp,Furniture,S185,Orion Supplies,Asia,WH 01,Karachi,Rail,194,145.98,28320.12,15.41,13,1293,Delayed,3567.56
100029,3/28/2025,3/31/2025,4/13/2025,C7484,North America,United States,P72752,Toothpaste Box,FMCG,S353,Atlas Sourcing,Africa,WH 08,Chicago,Rail,231,34.24,7909.44,16.31,13,3149,In Transit,1338.95
100030,11/20/2024,11/24/2024,12/7/2024,C9527,Middle East,Saudi Arabia,P40977,Sportswear Set,Apparel,S596,Atlas Sourcing,Asia,WH 08,Chicago,Sea,485,74.44,36103.4,16.86,13,1001,Delivered,8238.46
100031,11/21/2025,11/23/2025,11/29/2025,C6536,Asia,China,P79449,Vitamin Pack,Healthcare,S142,BlueRiver Trading,Europe,WH 03,Dubai,Road,53,30.46,1614.38,13.98,6,4307,In Transit,118.85
100032,3/30/2024,4/3/2024,4/16/2024,C1417,Middle East,Oman,P67458,Bottled Water Case,FMCG,S716,Orion Supplies,Europe,WH 07,Toronto,Rail,400,10.32,4128,20.41,13,1816,In Transit,410.28
100033,11/6/2025,11/7/2025,11/13/2025,C3786,Middle East,Qatar,P93042,Bookshelf,Furniture,S647,Evergreen Partners,Africa,WH 08,Chicago,Road,475,117.51,55817.25,25.94,6,2193,Delivered,14338.41
100034,6/8/2025,6/8/2025,6/22/2025,C9787,Europe,Italy,P56959,Shampoo Pack,FMCG,S828,Vertex Manufacturing,Africa,WH 01,Karachi,Sea,351,18.39,6454.89,14.42,14,695,Delayed,1019.19
100035,12/18/2025,12/21/2025,12/24/2025,C9335,Asia,Pakistan,P96900,Face Mask Box,Healthcare,S168,Summit Supply Co,Africa,WH 03,Dubai,Air,108,57.4,6199.2,35.51,3,3138,Delivered,1028.08
100036,11/23/2025,11/24/2025,12/2/2025,C5729,Africa,South Africa,P19348,Shampoo Pack,FMCG,S262,Vertex Manufacturing,Asia,WH 04,Istanbul,Road,224,29.57,6623.68,18.82,8,1253,Delivered,384.79
100037,6/18/2024,6/18/2024,6/23/2024,C2540,Asia,Indonesia,P98092,Detergent Bag,FMCG,S264,Vertex Manufacturing,Asia,WH 10,Cairo,Rail,431,49.4,21291.4,15.68,5,1688,Delivered,3670.76
100038,5/11/2024,5/14/2024,5/21/2024,C2810,Middle East,Turkey,P82124,Thermometer,Healthcare,S975,Zenith Procurement,North America,WH 04,Istanbul,Road,191,65.82,12571.62,17.89,7,913,Delivered,842.89
100039,2/27/2024,3/1/2024,3/5/2024,C4072,Europe,Italy,P49298,Study Table,Furniture,S447,Nova Industrial,Middle East,WH 06,Amsterdam,Air,199,164.07,32649.93,41.41,4,1581,Delivered,5044.64
100040,7/9/2025,7/13/2025,7/25/2025,C6348,Asia,Malaysia,P40354,Thermometer,Healthcare,S631,BlueRiver Trading,Asia,WH 09,Johannesburg,Road,450,50.89,22900.5,18.69,12,1456,Delayed,2461.07
100041,7/19/2025,7/24/2025,8/5/2025,C9120,Africa,Nigeria,P17114,Snack Carton,FMCG,S111,BlueRiver Trading,Europe,WH 06,Amsterdam,Sea,339,47.77,16194.03,14.2,12,657,Delivered,1379.45
100042,3/30/2024,3/31/2024,4/4/2024,C5964,Europe,Spain,P14835,Hand Sanitizer Case,Healthcare,S803,Vertex Manufacturing,Africa,WH 01,Karachi,Air,420,65.25,27405,55.73,4,2708,Delivered,5107.93
100043,8/16/2025,8/18/2025,8/23/2025,C1009,Asia,India,P94791,T Shirt Bundle,Apparel,S897,BlueRiver Trading,Africa,WH 03,Dubai,Air,251,70.67,17738.17,44.78,5,1178,Cancelled,-246.95
100044,6/25/2024,6/27/2024,7/2/2024,C4925,North America,Mexico,P16970,Snack Carton,FMCG,S894,Atlas Sourcing,North America,WH 09,Johannesburg,Air,186,42.72,7945.92,30.05,5,1933,Delivered,381.37
100045,4/20/2025,4/20/2025,4/28/2025,C6989,North America,United States,P90642,Power Bank,Electronics,S536,Nova Industrial,Asia,WH 01,Karachi,Rail,32,359.91,11517.12,11.47,8,726,Delivered,1298.62
100046,1/1/2024,1/3/2024,1/8/2024,C6565,Europe,Poland,P80080,Denim Jeans,Apparel,S980,Pioneer Distribution,Africa,WH 07,Toronto,Air,497,77.99,38761.03,60.72,5,2292,Delivered,7848.92
100047,11/1/2024,11/4/2024,11/6/2024,C9580,Asia,Pakistan,P34285,Detergent Bag,FMCG,S862,Orion Supplies,North America,WH 10,Cairo,Road,322,31.55,10159.1,21.6,2,3114,Cancelled,-178.98
100048,3/10/2025,3/15/2025,4/9/2025,C7241,Middle East,Saudi Arabia,P83553,Wireless Earbuds,Electronics,S897,Zenith Procurement,Asia,WH 06,Amsterdam,Sea,344,230.62,79333.28,14.29,25,496,Delayed,12412.67
100049,11/30/2024,12/3/2024,12/26/2024,C8730,Europe,Poland,P53088,Wireless Earbuds,Electronics,S232,Summit Supply Co,Middle East,WH 10,Cairo,Sea,294,117.36,34503.84,13.38,23,233,Delivered,1408.39
100050,3/25/2025,3/29/2025,4/21/2025,C2906,Europe,Sweden,P16254,Toothpaste Box,FMCG,S860,Evergreen Partners,Asia,WH 03,Dubai,Sea,160,10.76,1721.6,10.94,23,3745,Delivered,231.02
100051,7/13/2024,7/15/2024,7/20/2024,C7777,Middle East,Saudi Arabia,P21314,Denim Jeans,Apparel,S502,BlueRiver Trading,Middle East,WH 01,Karachi,Air,286,28.58,8173.88,34.85,5,753,In Transit,1679.56
100052,6/7/2025,6/8/2025,6/13/2025,C8240,Europe,France,P33321,Bookshelf,Furniture,S348,Nova Industrial,Europe,WH 04,Istanbul,Rail,56,234.65,13140.4,8.93,5,1129,Delivered,1696.33
100053,9/13/2024,9/13/2024,9/17/2024,C1302,Europe,Spain,P92558,Hoodie,Apparel,S155,BlueRiver Trading,North America,WH 06,Amsterdam,Road,223,35.97,8021.31,18.8,4,177,Delivered,1207.92
100054,1/7/2024,1/9/2024,1/19/2024,C6870,Africa,Nigeria,P77067,Bluetooth Speaker,Electronics,S373,Nova Industrial,Europe,WH 10,Cairo,Rail,303,267.72,81119.16,18.05,10,1088,Delivered,8541.62
100055,9/29/2024,10/4/2024,10/6/2024,C5632,Asia,Pakistan,P13596,Face Mask Box,Healthcare,S311,Zenith Procurement,North America,WH 07,Toronto,Air,34,63.69,2165.46,30.72,2,266,Delivered,255.87
100056,4/14/2025,4/15/2025,4/24/2025,C7891,Middle East,Turkey,P82274,Snack Carton,FMCG,S653,Orion Supplies,Middle East,WH 01,Karachi,Road,434,20.19,8762.46,18.35,9,3039,Delivered,825.41
100057,1/11/2025,1/11/2025,2/1/2025,C2605,North America,Canada,P81158,Wireless Earbuds,Electronics,S723,Vertex Manufacturing,North America,WH 02,Lahore,Sea,13,391.82,5093.66,6.12,21,1519,Delayed,525.01
100058,8/30/2024,9/3/2024,9/7/2024,C1005,Africa,Nigeria,P51427,Bookshelf,Furniture,S831,Evergreen Partners,North America,WH 09,Johannesburg,Air,84,308.31,25898.04,33.96,4,695,Delivered,6069.26
100059,7/12/2024,7/14/2024,7/31/2024,C7316,Europe,Spain,P16469,Study Table,Furniture,S509,Vertex Manufacturing,Africa,WH 05,Frankfurt,Sea,127,260.4,33070.8,10.33,17,773,Delivered,4565.81
100060,11/15/2024,11/20/2024,11/28/2024,C7988,Africa,South Africa,P57362,Hoodie,Apparel,S772,Atlas Sourcing,Middle East,WH 10,Cairo,Rail,399,47.03,18764.97,20.39,8,159,Delivered,2613.2
100061,8/18/2025,8/18/2025,8/25/2025,C2994,Middle East,Oman,P89767,Study Table,Furniture,S649,Summit Supply Co,Middle East,WH 03,Dubai,Air,428,148.15,63408.2,41.66,7,1654,Delivered,8828.36
100062,5/16/2024,5/17/2024,5/28/2024,C6951,North America,Mexico,P97388,Hand Sanitizer Case,Healthcare,S939,BlueRiver Trading,Europe,WH 05,Frankfurt,Road,276,73.21,20205.96,20.3,11,1514,Delivered,3141.44
100063,5/11/2024,5/11/2024,6/2/2024,C7943,Europe,France,P21954,Bluetooth Speaker,Electronics,S736,Atlas Sourcing,Middle East,WH 10,Cairo,Sea,431,270.51,116589.81,15.87,22,624,Delivered,23994.69
100064,9/7/2025,9/9/2025,9/24/2025,C2202,Middle East,Oman,P34519,First Aid Kit,Healthcare,S653,Evergreen Partners,Middle East,WH 07,Toronto,Road,457,21.67,9903.19,18.84,15,2235,Delayed,1412.27
100065,3/16/2025,3/16/2025,4/7/2025,C1950,Europe,Poland,P12336,Bluetooth Speaker,Electronics,S353,Evergreen Partners,Europe,WH 03,Dubai,Sea,205,282.26,57863.3,8.71,22,1595,Delivered,5454.06
100066,8/15/2024,8/19/2024,8/30/2024,C4228,Asia,Indonesia,P30103,Shampoo Pack,FMCG,S360,Pioneer Distribution,Europe,WH 08,Chicago,Rail,166,15.32,2543.12,14.73,11,3191,In Transit,310.27
100067,10/9/2024,10/13/2024,10/17/2024,C7166,Middle East,Turkey,P10814,Face Mask Box,Healthcare,S445,Summit Supply Co,Middle East,WH 03,Dubai,Air,311,58.43,18171.73,36.05,4,2465,Delivered,2231.14
100068,4/4/2025,4/7/2025,4/14/2025,C4876,Middle East,Qatar,P10126,Snack Carton,FMCG,S205,Summit Supply Co,Middle East,WH 04,Istanbul,Rail,101,21.85,2206.85,9.74,7,4446,Delivered,366.14
100069,9/4/2025,9/8/2025,9/10/2025,C4030,Middle East,United Arab Emirates,P29256,Denim Jeans,Apparel,S100,Nova Industrial,North America,WH 06,Amsterdam,Air,328,44.26,14517.28,49.77,2,2568,Delivered,1364.39
100070,3/11/2025,3/11/2025,3/17/2025,C8970,Europe,France,P35150,Bottled Water Case,FMCG,S343,Crescent Logistics,Europe,WH 02,Lahore,Road,34,43.86,1491.24,9.95,6,685,Delivered,242.66
100071,6/27/2024,7/2/2024,7/13/2024,C6299,Middle East,Qatar,P55765,Face Mask Box,Healthcare,S600,Evergreen Partners,Asia,WH 04,Istanbul,Rail,353,33.54,11839.62,19.27,11,4358,Delivered,1136.85
100072,3/24/2024,3/24/2024,3/28/2024,C9533,Middle East,Turkey,P31566,Router,Electronics,S800,Evergreen Partners,Middle East,WH 01,Karachi,Rail,369,255.86,94412.34,14.56,4,1214,Delivered,18109.73
100073,10/31/2025,11/4/2025,11/12/2025,C8311,North America,Canada,P99106,Storage Cabinet,Furniture,S117,Summit Supply Co,Africa,WH 04,Istanbul,Air,266,280.41,74589.06,45.75,8,243,Delivered,14836.4
100074,10/5/2025,10/5/2025,10/16/2025,C9038,Europe,Italy,P58770,Floor Lamp,Furniture,S899,Orion Supplies,Middle East,WH 06,Amsterdam,Rail,275,123.93,34080.75,17.37,11,1951,Delivered,9410.35
100075,1/25/2025,1/29/2025,2/13/2025,C9519,Europe,Sweden,P66373,Study Table,Furniture,S860,Vertex Manufacturing,Africa,WH 01,Karachi,Rail,248,216.53,53699.44,16.72,15,1337,Delayed,8516.53
100076,4/29/2024,5/4/2024,5/18/2024,C6619,Africa,Morocco,P96925,Bluetooth Speaker,Electronics,S834,Evergreen Partners,Europe,WH 08,Chicago,Rail,320,409.57,131062.4,18.47,14,56,Delivered,26028.6
100077,7/1/2025,7/5/2025,7/26/2025,C7852,Asia,Bangladesh,P97955,Bookshelf,Furniture,S622,Atlas Sourcing,Middle East,WH 06,Amsterdam,Sea,243,295.78,71874.54,12.45,21,756,Delivered,15790.16
100078,8/13/2024,8/17/2024,8/21/2024,C2387,Middle East,Qatar,P39975,Bookshelf,Furniture,S692,BlueRiver Trading,Middle East,WH 01,Karachi,Air,211,215.39,45447.29,31.25,4,2156,Delivered,4420.7
100079,7/5/2025,7/6/2025,7/16/2025,C6877,North America,United States,P27685,Bluetooth Speaker,Electronics,S334,Orion Supplies,Europe,WH 04,Istanbul,Road,13,111.59,1450.67,12.84,10,78,Delivered,106.95
100080,2/11/2024,2/14/2024,2/24/2024,C8184,Africa,Kenya,P32180,Toothpaste Box,FMCG,S252,Pioneer Distribution,Asia,WH 10,Cairo,Road,495,42.34,20958.3,26.51,10,1922,Delivered,1739.83
100081,12/31/2025,1/1/2026,1/22/2026,C9646,Middle East,Qatar,P69052,Denim Jeans,Apparel,S500,Vertex Manufacturing,Africa,WH 02,Lahore,Sea,419,54.48,22827.12,15.66,21,851,In Transit,3026.21
100082,11/23/2025,11/26/2025,12/8/2025,C9340,North America,United States,P63002,Vitamin Pack,Healthcare,S395,Nova Industrial,Africa,WH 07,Toronto,Sea,20,37.17,743.4,8.38,12,1336,Delivered,135.4
100083,10/25/2025,10/30/2025,11/8/2025,C6408,Europe,Germany,P69129,First Aid Kit,Healthcare,S647,BlueRiver Trading,North America,WH 10,Cairo,Rail,248,29.51,7318.48,16.72,9,1962,Delivered,1404.39
100084,7/19/2024,7/20/2024,7/25/2024,C3343,Africa,South Africa,P47904,Socks Pack,Apparel,S740,Evergreen Partners,North America,WH 02,Lahore,Road,226,87.54,19784.04,18.88,5,1789,Delivered,5200.55
100085,6/20/2024,6/22/2024,6/30/2024,C5090,Asia,Vietnam,P16960,Floor Lamp,Furniture,S116,BlueRiver Trading,Middle East,WH 06,Amsterdam,Air,339,254.07,86129.73,50.48,8,1570,Delivered,22314.94
100086,10/22/2025,10/22/2025,11/1/2025,C8119,Europe,Spain,P68053,Detergent Bag,FMCG,S299,Nova Industrial,Africa,WH 09,Johannesburg,Rail,34,45.65,1552.1,11.52,10,4026,In Transit,118.21
100087,2/4/2025,2/5/2025,2/13/2025,C1390,Middle East,Oman,P54813,Hand Sanitizer Case,Healthcare,S434,Zenith Procurement,Europe,WH 02,Lahore,Rail,126,67.94,8560.44,13.75,8,3130,Delivered,1636.31
100088,1/6/2025,1/8/2025,1/10/2025,C1614,Middle East,Saudi Arabia,P97312,Storage Cabinet,Furniture,S625,Vertex Manufacturing,Middle East,WH 06,Amsterdam,Air,168,153.06,25714.08,29.18,2,1171,Delivered,5238.15
100089,12/29/2024,12/29/2024,1/3/2025,C1920,Middle East,Qatar,P17564,Bottled Water Case,FMCG,S821,Atlas Sourcing,North America,WH 05,Frankfurt,Road,170,44.87,7627.9,17.29,5,1431,In Transit,1038.15
100090,5/20/2024,5/21/2024,5/31/2024,C3032,North America,Mexico,P71916,Socks Pack,Apparel,S417,Orion Supplies,Africa,WH 04,Istanbul,Air,254,62.78,15946.12,44.97,10,421,Delivered,3999.84
100091,12/24/2024,12/27/2024,1/2/2025,C4760,Europe,Poland,P12050,Floor Lamp,Furniture,S528,Summit Supply Co,Europe,WH 08,Chicago,Road,151,132.07,19942.57,12.41,6,2083,Delivered,2265.48
100092,8/7/2025,8/7/2025,8/19/2025,C2828,Middle East,United Arab Emirates,P55028,Wireless Earbuds,Electronics,S479,Atlas Sourcing,Middle East,WH 04,Istanbul,Rail,207,443.11,91723.77,11.65,12,1392,Delivered,15203.27
100093,7/17/2025,7/20/2025,7/23/2025,C6429,Africa,Nigeria,P51844,Storage Cabinet,Furniture,S342,Summit Supply Co,North America,WH 07,Toronto,Air,375,111.51,41816.25,52.81,3,275,In Transit,11369.85
100094,5/31/2025,6/4/2025,6/5/2025,C2913,North America,Mexico,P40448,Bookshelf,Furniture,S672,Nova Industrial,North America,WH 04,Istanbul,Air,388,162.84,63181.92,39.74,1,899,Delivered,9097.84
100095,4/29/2024,5/3/2024,5/13/2024,C2933,Europe,Italy,P93300,Router,Electronics,S709,Crescent Logistics,Europe,WH 04,Istanbul,Road,276,402.21,111009.96,15.04,10,1396,Delivered,9555.43
100096,6/18/2024,6/18/2024,6/29/2024,C1954,North America,Mexico,P91121,Thermometer,Healthcare,S223,Vertex Manufacturing,North America,WH 02,Lahore,Rail,472,8.42,3974.24,16.42,11,4172,Delivered,758.86
100097,8/15/2025,8/16/2025,9/2/2025,C1317,North America,United States,P12396,Denim Jeans,Apparel,S214,Nova Industrial,Asia,WH 09,Johannesburg,Sea,195,72.85,14205.75,11.57,17,3261,Delivered,2167.67
100098,5/26/2024,5/29/2024,6/8/2024,C2704,North America,United States,P43130,Router,Electronics,S656,Nova Industrial,Europe,WH 08,Chicago,Sea,354,422.74,149649.96,14.47,10,405,Delivered,15280.46
100099,1/31/2024,2/1/2024,2/7/2024,C4998,Asia,Indonesia,P28787,Sportswear Set,Apparel,S357,Pioneer Distribution,Middle East,WH 06,Amsterdam,Road,215,93.23,20044.45,18.57,6,1697,Cancelled,-245.48
100100,1/17/2024,1/18/2024,2/12/2024,C2007,Asia,Bangladesh,P80981,Office Chair,Furniture,S566,BlueRiver Trading,Middle East,WH 08,Chicago,Sea,423,45.71,19335.33,15.73,25,1306,Delayed,3362.14
100101,8/9/2024,8/13/2024,8/20/2024,C2887,Africa,South Africa,P55539,Toothpaste Box,FMCG,S341,Vertex Manufacturing,North America,WH 02,Lahore,Road,333,18.54,6173.82,21.91,7,1340,Delivered,26.74
100102,7/28/2024,7/29/2024,8/21/2024,C9476,Asia,Indonesia,P31195,Storage Cabinet,Furniture,S775,Vertex Manufacturing,Africa,WH 04,Istanbul,Sea,260,80.33,20885.8,12.76,23,1080,Delivered,3736.1
100103,4/3/2025,4/4/2025,4/14/2025,C4356,Middle East,Oman,P24288,Socks Pack,Apparel,S198,Evergreen Partners,North America,WH 10,Cairo,Rail,406,103.96,42207.76,20.56,10,3492,Delivered,6063.85
100104,3/24/2024,3/29/2024,4/2/2024,C1988,Africa,South Africa,P63268,Toothpaste Box,FMCG,S402,Nova Industrial,Asia,WH 03,Dubai,Road,473,43.58,20613.34,25.88,4,4479,Delivered,3641.59
100105,6/10/2025,6/11/2025,7/3/2025,C4056,Europe,Netherlands,P92711,Smart Watch,Electronics,S623,Orion Supplies,Middle East,WH 08,Chicago,Sea,283,397.1,112379.3,13.18,22,257,Delivered,12182.02
100106,6/3/2025,6/5/2025,6/10/2025,C1959,North America,United States,P48827,Snack Carton,FMCG,S792,Nova Industrial,Middle East,WH 02,Lahore,Rail,33,46.44,1532.52,11.49,5,3246,Delivered,65.38
100107,8/23/2024,8/26/2024,9/8/2024,C8099,North America,Mexico,P15109,First Aid Kit,Healthcare,S600,Evergreen Partners,Asia,WH 09,Johannesburg,Sea,126,56.4,7106.4,10.32,13,783,Delivered,497.86
100108,11/15/2024,11/16/2024,12/9/2024,C9357,Europe,Italy,P36143,Shampoo Pack,FMCG,S110,Orion Supplies,Europe,WH 05,Frankfurt,Sea,310,39.07,12111.7,10.12,23,2343,In Transit,1352.03
100109,2/4/2025,2/7/2025,2/8/2025,C9783,Middle East,United Arab Emirates,P58787,Bookshelf,Furniture,S772,Evergreen Partners,North America,WH 09,Johannesburg,Air,211,280.5,59185.5,42.18,1,291,Delivered,11962.64
100110,8/11/2025,8/14/2025,8/27/2025,C8014,Middle East,United Arab Emirates,P60861,Vitamin Pack,Healthcare,S221,Evergreen Partners,North America,WH 10,Cairo,Rail,152,24.41,3710.32,14.39,13,1086,Delivered,305.25
100111,1/9/2024,1/14/2024,1/17/2024,C9907,Asia,Pakistan,P36289,Detergent Bag,FMCG,S959,Vertex Manufacturing,Asia,WH 05,Frankfurt,Air,327,40.25,13161.75,36.82,3,4506,In Transit,2152.32
100112,11/9/2024,11/14/2024,11/23/2024,C5109,Europe,Spain,P25313,Face Mask Box,Healthcare,S111,Nova Industrial,Europe,WH 10,Cairo,Road,96,61.32,5886.72,11.26,9,1760,Delivered,1147.61
100113,9/22/2025,9/26/2025,10/11/2025,C4665,Middle East,United Arab Emirates,P85717,Bookshelf,Furniture,S822,Evergreen Partners,North America,WH 06,Amsterdam,Rail,159,143.02,22740.18,14.56,15,361,Delayed,5080.43
100114,2/4/2024,2/8/2024,2/17/2024,C8005,Europe,Italy,P69321,Floor Lamp,Furniture,S123,Nova Industrial,Middle East,WH 09,Johannesburg,Road,413,234.92,97021.96,24.18,9,1437,Delivered,20052.39
100115,9/8/2025,9/11/2025,9/17/2025,C2394,Middle East,United Arab Emirates,P55241,Hoodie,Apparel,S345,Zenith Procurement,Asia,WH 07,Toronto,Road,134,33.17,4444.78,16.27,6,3458,Delivered,637.82
100116,4/9/2024,4/14/2024,4/22/2024,C1525,Africa,Egypt,P98397,Office Chair,Furniture,S101,Atlas Sourcing,Africa,WH 06,Amsterdam,Road,384,168.04,64527.36,17.3,8,602,Delivered,12323.48
100117,3/24/2024,3/25/2024,4/4/2024,C9219,Middle East,United Arab Emirates,P77649,Snack Carton,FMCG,S262,Summit Supply Co,Europe,WH 05,Frankfurt,Rail,238,5.41,1287.58,16.48,10,4855,Delivered,123.86
100118,12/7/2025,12/12/2025,12/25/2025,C4432,Middle East,United Arab Emirates,P52240,Router,Electronics,S232,Atlas Sourcing,Europe,WH 05,Frankfurt,Rail,285,289.27,82441.95,17.62,13,1021,Delivered,5444.45
100119,7/22/2024,7/26/2024,7/28/2024,C3203,Africa,Egypt,P93310,Smart Watch,Electronics,S818,BlueRiver Trading,Middle East,WH 02,Lahore,Road,399,140.28,55971.72,23.79,2,1006,Delivered,5417.55
100120,10/8/2024,10/12/2024,10/22/2024,C5293,Middle East,Qatar,P86260,Hand Sanitizer Case,Healthcare,S856,Evergreen Partners,Middle East,WH 08,Chicago,Sea,68,33.92,2306.56,6.86,10,1208,Delivered,273.75
100121,9/7/2024,9/9/2024,10/2/2024,C8473,Middle East,Turkey,P71212,Bottled Water Case,FMCG,S284,Atlas Sourcing,Africa,WH 09,Johannesburg,Sea,48,25.46,1222.08,8.89,23,3549,Delivered,72.19
100122,11/3/2024,11/4/2024,11/23/2024,C8175,Asia,Bangladesh,P20225,Bookshelf,Furniture,S440,Summit Supply Co,North America,WH 01,Karachi,Sea,138,266.56,36785.28,10.53,19,1431,Delivered,8480.25
100123,8/5/2024,8/7/2024,8/12/2024,C8705,North America,Mexico,P46487,Face Mask Box,Healthcare,S402,Crescent Logistics,Middle East,WH 09,Johannesburg,Air,241,71.02,17115.82,44.13,5,1186,Delivered,2659.26
100124,10/15/2025,10/19/2025,10/27/2025,C9125,North America,Canada,P46059,Thermometer,Healthcare,S803,Evergreen Partners,Middle East,WH 06,Amsterdam,Rail,463,34.09,15783.67,21.94,8,3432,Delivered,2688.28
100125,5/3/2025,5/5/2025,5/18/2025,C4173,Europe,Netherlands,P39165,Study Table,Furniture,S743,Evergreen Partners,Asia,WH 06,Amsterdam,Sea,111,175.83,19517.13,10.04,13,1050,Delivered,3505.14
100126,3/30/2025,3/30/2025,4/7/2025,C5806,Middle East,Oman,P19108,Bottled Water Case,FMCG,S927,Orion Supplies,Europe,WH 09,Johannesburg,Rail,102,25.19,2569.38,13.17,8,4700,Delivered,120.2
100127,9/13/2025,9/18/2025,9/20/2025,C7228,Asia,Vietnam,P16471,Office Chair,Furniture,S915,Summit Supply Co,Middle East,WH 01,Karachi,Air,459,188.55,86544.45,58.26,2,1227,Delivered,12390.18
100128,10/26/2024,10/29/2024,11/22/2024,C6445,Middle East,Saudi Arabia,P91709,Power Bank,Electronics,S597,Nova Industrial,North America,WH 10,Cairo,Sea,373,432.65,161378.45,14.82,24,1054,Delivered,33154.91
100129,2/2/2025,2/2/2025,2/9/2025,C1140,Asia,Vietnam,P47650,Socks Pack,Apparel,S901,Evergreen Partners,North America,WH 08,Chicago,Rail,343,63.45,21763.35,19.03,7,3205,Delivered,6203.57
100130,10/9/2025,10/10/2025,10/15/2025,C7787,Africa,South Africa,P96365,Snack Carton,FMCG,S558,Atlas Sourcing,Asia,WH 07,Toronto,Road,272,35.65,9696.8,20.19,5,3954,Delivered,698.15
100131,3/24/2024,3/27/2024,4/3/2024,C6291,Asia,Malaysia,P81031,Snack Carton,FMCG,S784,Orion Supplies,Asia,WH 06,Amsterdam,Road,371,10.05,3728.55,17.03,7,1600,Delivered,272.18
100132,1/12/2025,1/12/2025,1/21/2025,C2072,North America,Canada,P44084,Sportswear Set,Apparel,S679,Crescent Logistics,Europe,WH 09,Johannesburg,Road,59,90.52,5340.68,14.15,9,3281,Delivered,1338.81
100133,3/14/2025,3/15/2025,3/23/2025,C1482,Africa,Kenya,P27633,Toothpaste Box,FMCG,S772,BlueRiver Trading,Africa,WH 07,Toronto,Rail,128,29.09,3723.52,10.22,8,961,Cancelled,-141.21
100134,10/11/2025,10/11/2025,11/3/2025,C9632,Middle East,Turkey,P17421,Toothpaste Box,FMCG,S869,Pioneer Distribution,North America,WH 08,Chicago,Sea,329,11.14,3665.06,14.02,23,4029,Delivered,511.14
100135,10/6/2024,10/9/2024,10/12/2024,C2125,Asia,Vietnam,P86329,Bookshelf,Furniture,S387,Summit Supply Co,Europe,WH 02,Lahore,Air,176,279.51,49193.76,39.92,3,85,Delivered,7373.52
100136,3/10/2024,3/10/2024,3/22/2024,C4713,North America,Mexico,P80587,Sportswear Set,Apparel,S616,Nova Industrial,Middle East,WH 05,Frankfurt,Rail,437,35.71,15605.27,21.31,12,2346,Delayed,3389.42
100137,1/15/2025,1/16/2025,1/28/2025,C6249,Middle East,Oman,P29201,Smart Watch,Electronics,S713,Evergreen Partners,Africa,WH 06,Amsterdam,Sea,218,448.24,97716.32,11.99,12,1544,In Transit,15497.7
100138,4/21/2025,4/21/2025,4/25/2025,C4083,North America,United States,P39328,Bookshelf,Furniture,S499,Orion Supplies,Africa,WH 01,Karachi,Air,405,344.18,139392.9,54.76,4,1729,Delivered,32413.84
100139,9/4/2024,9/7/2024,9/11/2024,C1148,North America,United States,P23395,Hand Sanitizer Case,Healthcare,S505,Atlas Sourcing,Europe,WH 10,Cairo,Rail,475,72.61,34489.75,22.23,4,1212,Delivered,2655.14
100140,4/23/2024,4/27/2024,4/29/2024,C3817,Europe,Poland,P40682,Bluetooth Speaker,Electronics,S860,Nova Industrial,Middle East,WH 01,Karachi,Air,466,258.79,120596.14,58.71,2,884,Delivered,17139.31
100141,11/6/2024,11/11/2024,11/14/2024,C5437,Europe,Germany,P80971,Hoodie,Apparel,S200,Evergreen Partners,Europe,WH 04,Istanbul,Air,253,32.94,8333.82,33.26,3,3460,Delivered,1846.77
100142,10/31/2025,11/5/2025,11/20/2025,C8693,Africa,Nigeria,P83800,Thermometer,Healthcare,S498,Nova Industrial,Europe,WH 05,Frankfurt,Sea,414,9.88,4090.32,15.56,15,4425,Delivered,575.47
100143,9/9/2024,9/14/2024,9/18/2024,C6901,North America,Mexico,P41552,T Shirt Bundle,Apparel,S209,Pioneer Distribution,Asia,WH 03,Dubai,Rail,345,94.13,32474.85,19.08,4,2578,Delivered,8588.06
100144,4/26/2025,4/30/2025,5/11/2025,C8340,Middle East,Turkey,P99099,T Shirt Bundle,Apparel,S899,Evergreen Partners,Asia,WH 05,Frankfurt,Sea,137,57.57,7887.09,10.52,11,692,Delivered,944.87
100145,2/12/2024,2/17/2024,2/20/2024,C7610,Middle East,Qatar,P81966,Socks Pack,Apparel,S616,Evergreen Partners,North America,WH 02,Lahore,Road,476,31.1,14803.6,25.97,3,2542,Delivered,1625.46
100146,4/1/2025,4/3/2025,4/21/2025,C6448,Middle East,United Arab Emirates,P60331,Thermometer,Healthcare,S289,Zenith Procurement,Africa,WH 04,Istanbul,Sea,380,22.58,8580.4,14.94,18,599,Delivered,1697.46
100147,12/24/2024,12/27/2024,1/1/2025,C1419,Middle East,Qatar,P22411,Office Chair,Furniture,S521,Crescent Logistics,Asia,WH 01,Karachi,Road,240,264.54,63489.6,19.28,5,1558,Delivered,9576.51
100148,4/1/2024,4/6/2024,4/11/2024,C4716,Middle East,United Arab Emirates,P71949,Smart Watch,Electronics,S282,Summit Supply Co,Europe,WH 07,Toronto,Air,395,112.18,44311.1,54.11,5,454,Cancelled,-42.91
100149,2/26/2025,3/2/2025,3/6/2025,C9433,North America,Mexico,P66532,Face Mask Box,Healthcare,S792,Vertex Manufacturing,Europe,WH 07,Toronto,Rail,347,13.3,4615.1,19.12,4,871,Delivered,632.69
100150,11/3/2024,11/7/2024,11/12/2024,C5719,Middle East,Turkey,P43361,Bookshelf,Furniture,S843,Orion Supplies,North America,WH 04,Istanbul,Road,236,156.53,36941.08,19.16,5,1509,Delivered,10065.59
100151,7/10/2024,7/10/2024,7/21/2024,C7272,Middle East,Saudi Arabia,P74641,T Shirt Bundle,Apparel,S671,Zenith Procurement,Africa,WH 06,Amsterdam,Rail,57,38.01,2166.57,12.08,11,3231,Delivered,543.07
100152,12/26/2025,12/26/2025,1/3/2026,C8083,Middle East,Qatar,P73936,Shampoo Pack,FMCG,S186,Pioneer Distribution,Asia,WH 04,Istanbul,Road,110,7.15,786.5,15.59,8,3571,Delivered,31.11
100153,10/25/2025,10/25/2025,10/31/2025,C1365,Asia,Vietnam,P58355,Denim Jeans,Apparel,S750,Crescent Logistics,Africa,WH 04,Istanbul,Road,445,95.21,42368.45,25.09,6,1564,Delivered,7704.02
100154,12/17/2024,12/18/2024,12/30/2024,C8504,Africa,Kenya,P27630,First Aid Kit,Healthcare,S747,Atlas Sourcing,North America,WH 03,Dubai,Road,265,26.68,7070.2,19.99,12,2576,Delayed,663.98
100155,1/16/2025,1/19/2025,1/29/2025,C9569,North America,United States,P71558,Detergent Bag,FMCG,S289,Nova Industrial,Europe,WH 02,Lahore,Road,264,48.58,12825.12,19.96,10,2496,Delivered,811.29
100156,6/8/2024,6/11/2024,6/14/2024,C8569,Europe,Germany,P36806,Denim Jeans,Apparel,S764,Vertex Manufacturing,North America,WH 01,Karachi,Road,497,57.53,28592.41,26.56,3,2321,Delivered,4398.35
100157,6/20/2024,6/22/2024,7/17/2024,C6341,North America,United States,P58758,Bottled Water Case,FMCG,S138,Summit Supply Co,Asia,WH 02,Lahore,Sea,277,46.35,12838.95,13.07,25,2496,Delayed,1397.55
100158,12/25/2024,12/30/2024,1/9/2025,C9789,Middle East,Qatar,P68005,Thermometer,Healthcare,S334,BlueRiver Trading,Middle East,WH 09,Johannesburg,Rail,354,84.87,30043.98,14.29,10,4068,Delivered,4765.37
100159,7/15/2025,7/17/2025,8/2/2025,C9652,Africa,South Africa,P13754,Hand Sanitizer Case,Healthcare,S520,Pioneer Distribution,Asia,WH 01,Karachi,Sea,198,68.96,13654.08,11.63,16,714,Delivered,2166.95
100160,1/1/2025,1/1/2025,1/9/2025,C9553,Middle East,Oman,P75095,Power Bank,Electronics,S228,Pioneer Distribution,Asia,WH 02,Lahore,Rail,373,343.32,128058.36,19.76,8,498,Delivered,25998.41
100161,4/17/2025,4/18/2025,4/23/2025,C3159,Africa,Kenya,P47900,Smart Watch,Electronics,S492,Nova Industrial,Africa,WH 10,Cairo,Air,429,62.04,26615.16,41.71,5,651,Delivered,2128.61
100162,3/12/2025,3/12/2025,3/16/2025,C2778,Middle East,Turkey,P99822,Hand Sanitizer Case,Healthcare,S169,Pioneer Distribution,Africa,WH 10,Cairo,Air,321,49.17,15783.57,49.31,4,897,Delivered,2537.13
100163,8/14/2024,8/15/2024,8/23/2024,C3023,Asia,Vietnam,P69796,Router,Electronics,S301,Atlas Sourcing,Middle East,WH 08,Chicago,Rail,47,125.09,5879.23,11.83,8,237,In Transit,942.65
100164,6/9/2025,6/11/2025,7/1/2025,C7643,Middle East,Qatar,P46727,Floor Lamp,Furniture,S865,Evergreen Partners,Asia,WH 06,Amsterdam,Sea,33,249.71,8240.43,8.62,20,643,Delayed,1010.47
100165,11/14/2024,11/19/2024,12/1/2024,C1541,North America,Mexico,P31817,Hoodie,Apparel,S216,Crescent Logistics,Middle East,WH 02,Lahore,Rail,424,100.76,42722.24,21,12,2216,Delayed,5511.12
100166,7/1/2024,7/1/2024,7/4/2024,C2136,Asia,Pakistan,P94730,Office Chair,Furniture,S575,Zenith Procurement,Europe,WH 09,Johannesburg,Road,260,277.64,72186.4,19.84,3,1069,Delivered,16006.16
100167,2/16/2024,2/18/2024,2/25/2024,C3171,Africa,Morocco,P67418,Hand Sanitizer Case,Healthcare,S970,BlueRiver Trading,Middle East,WH 06,Amsterdam,Road,146,85.93,12545.78,16.61,7,1036,Delivered,40.63
100168,9/10/2024,9/15/2024,9/24/2024,C2900,Asia,Bangladesh,P94530,Hand Sanitizer Case,Healthcare,S856,Zenith Procurement,Asia,WH 10,Cairo,Rail,412,29.26,12055.12,15.34,9,2203,Delivered,1585.41
100169,9/16/2024,9/21/2024,10/7/2024,C3978,Europe,Poland,P12839,Study Table,Furniture,S412,BlueRiver Trading,North America,WH 09,Johannesburg,Sea,109,277.31,30226.79,10.01,16,1255,Delivered,5546.09
100170,7/1/2025,7/5/2025,7/16/2025,C5998,Asia,Vietnam,P10162,Socks Pack,Apparel,S319,Atlas Sourcing,Middle East,WH 09,Johannesburg,Air,279,37.45,10448.55,46.59,11,3403,Delivered,1558.6
100171,8/15/2024,8/17/2024,8/22/2024,C1874,Africa,Nigeria,P25892,Smart Watch,Electronics,S295,Nova Industrial,North America,WH 06,Amsterdam,Road,187,220.33,41201.71,17.78,5,1592,Delivered,7503.3
100172,4/16/2025,4/20/2025,4/22/2025,C4959,Asia,India,P32669,Detergent Bag,FMCG,S412,Evergreen Partners,Asia,WH 03,Dubai,Air,174,49.16,8553.84,29.47,2,3952,Delivered,618.51
100173,1/5/2025,1/5/2025,1/11/2025,C7588,Asia,China,P16304,First Aid Kit,Healthcare,S277,Evergreen Partners,Middle East,WH 08,Chicago,Road,126,26.48,3336.48,16.05,6,797,Delivered,267.28
100174,2/12/2024,2/12/2024,2/13/2024,C2517,Europe,Italy,P88021,Hoodie,Apparel,S709,Vertex Manufacturing,Africa,WH 02,Lahore,Air,74,57.15,4229.1,33.31,1,1687,Delivered,572.37
100175,5/23/2024,5/25/2024,6/2/2024,C9535,Europe,France,P67326,Vitamin Pack,Healthcare,S393,BlueRiver Trading,North America,WH 08,Chicago,Road,453,37.19,16847.07,25.32,8,810,Delivered,1594.99
100176,6/15/2025,6/16/2025,6/23/2025,C6774,Middle East,Turkey,P82055,Floor Lamp,Furniture,S843,Nova Industrial,Europe,WH 09,Johannesburg,Rail,222,244.49,54276.78,16.09,7,831,Delivered,15051.05
100177,3/22/2025,3/23/2025,4/6/2025,C8264,North America,Canada,P60729,Wireless Earbuds,Electronics,S326,Vertex Manufacturing,Middle East,WH 09,Johannesburg,Road,271,205.05,55568.55,20.16,14,650,Delayed,5152
100178,5/18/2025,5/21/2025,5/28/2025,C1475,Asia,India,P31800,Storage Cabinet,Furniture,S263,Orion Supplies,Asia,WH 04,Istanbul,Air,494,236.72,116939.68,44.83,7,954,Delivered,23961.09
100179,4/12/2025,4/17/2025,4/21/2025,C5943,Europe,Sweden,P16530,Snack Carton,FMCG,S976,Nova Industrial,North America,WH 02,Lahore,Air,268,45.37,12159.16,45.88,4,2198,Delivered,881.4
100180,9/4/2025,9/7/2025,9/13/2025,C7509,Middle East,Oman,P15906,Toothpaste Box,FMCG,S643,Evergreen Partners,Africa,WH 04,Istanbul,Road,146,41.16,6009.36,16.61,6,4258,Delivered,1052.66
100181,9/25/2024,9/26/2024,9/30/2024,C2529,Asia,Malaysia,P36170,Power Bank,Electronics,S346,Orion Supplies,Middle East,WH 02,Lahore,Air,137,64.92,8894.04,37.39,4,1610,In Transit,1698.85
100182,10/6/2025,10/8/2025,10/13/2025,C1264,Africa,Egypt,P19587,Face Mask Box,Healthcare,S585,Evergreen Partners,North America,WH 02,Lahore,Air,443,17.08,7566.44,57.22,5,3190,Delivered,722.59
100183,8/10/2025,8/13/2025,8/26/2025,C7299,Asia,Bangladesh,P95751,Detergent Bag,FMCG,S317,Pioneer Distribution,North America,WH 02,Lahore,Rail,199,37.36,7434.64,15.53,13,1998,Delivered,791.47
100184,10/5/2024,10/10/2024,10/14/2024,C2674,Asia,India,P86637,Storage Cabinet,Furniture,S882,Evergreen Partners,Africa,WH 02,Lahore,Rail,356,236.58,84222.48,19.34,4,773,Delivered,10521.27
100185,3/29/2025,3/29/2025,4/5/2025,C6063,North America,Mexico,P46598,Denim Jeans,Apparel,S954,Zenith Procurement,Europe,WH 02,Lahore,Rail,137,80.72,11058.64,14.02,7,2713,Delivered,1483
100186,10/28/2024,10/31/2024,11/5/2024,C5646,Africa,Morocco,P60939,Snack Carton,FMCG,S944,Zenith Procurement,Europe,WH 04,Istanbul,Road,216,16.71,3609.36,18.6,5,4108,In Transit,241.2
100187,7/11/2025,7/16/2025,7/21/2025,C6661,Europe,Italy,P81678,Toothpaste Box,FMCG,S945,Vertex Manufacturing,Europe,WH 02,Lahore,Road,93,5.81,540.33,11.19,5,723,Delivered,35.5
100188,3/23/2024,3/28/2024,4/9/2024,C6394,Middle East,Oman,P34264,Thermometer,Healthcare,S383,Pioneer Distribution,Africa,WH 10,Cairo,Sea,477,88.51,42219.27,16.71,12,3989,Delivered,7490.78
100189,2/1/2025,2/6/2025,2/11/2025,C1285,North America,United States,P59416,Office Chair,Furniture,S419,Pioneer Distribution,Middle East,WH 05,Frankfurt,Air,170,185.32,31504.4,39.53,5,2186,In Transit,4881.97
100190,2/10/2024,2/13/2024,2/16/2024,C8804,Africa,South Africa,P99709,Socks Pack,Apparel,S697,BlueRiver Trading,North America,WH 08,Chicago,Air,434,118.79,51554.86,56.64,3,1428,Delivered,10205.74
100191,7/29/2025,8/3/2025,8/8/2025,C1660,Asia,Pakistan,P60500,Hoodie,Apparel,S403,BlueRiver Trading,Asia,WH 10,Cairo,Rail,285,34.22,9752.7,13.05,5,3210,Delivered,2267.52
100192,12/28/2025,12/28/2025,1/8/2026,C2447,Middle East,Turkey,P16581,Vitamin Pack,Healthcare,S687,Pioneer Distribution,Africa,WH 04,Istanbul,Rail,183,71.46,13077.18,15.14,11,2096,Delivered,1190.26
100193,7/3/2025,7/6/2025,7/7/2025,C2846,Africa,Egypt,P27862,First Aid Kit,Healthcare,S447,Orion Supplies,Middle East,WH 02,Lahore,Air,37,27.2,1006.4,30.91,1,778,Delivered,163.9
100194,12/26/2024,12/26/2024,1/2/2025,C5875,Asia,Indonesia,P38933,Shampoo Pack,FMCG,S829,Atlas Sourcing,Middle East,WH 08,Chicago,Air,292,11.3,3299.6,47.43,7,3751,Delivered,320.43
100195,5/21/2024,5/23/2024,6/17/2024,C6808,North America,Canada,P16796,Sportswear Set,Apparel,S800,Evergreen Partners,North America,WH 10,Cairo,Sea,495,103.95,51455.25,12.62,25,1030,In Transit,6244.6
100196,12/6/2024,12/10/2024,12/12/2024,C6482,North America,United States,P75333,T Shirt Bundle,Apparel,S481,Summit Supply Co,Middle East,WH 05,Frankfurt,Road,242,53.67,12988.14,19.33,2,1722,Delivered,2660.38
100197,7/1/2024,7/1/2024,7/6/2024,C2517,Africa,Kenya,P91554,T Shirt Bundle,Apparel,S432,Vertex Manufacturing,Europe,WH 06,Amsterdam,Air,136,40.22,5469.92,37.32,5,150,Delivered,1474.85
100198,4/18/2024,4/21/2024,4/26/2024,C7246,Middle East,Saudi Arabia,P13321,Vitamin Pack,Healthcare,S552,Nova Industrial,Africa,WH 07,Toronto,Air,17,78.76,1338.92,29.61,5,373,Delivered,74.48
100199,10/19/2025,10/20/2025,10/24/2025,C9611,Europe,Poland,P26977,Vitamin Pack,Healthcare,S584,Evergreen Partners,Africa,WH 06,Amsterdam,Air,156,56.9,8876.4,38.62,4,1135,In Transit,675.25
100200,4/14/2024,4/15/2024,4/18/2024,C5658,North America,Canada,P86917,Toothpaste Box,FMCG,S812,Zenith Procurement,Middle East,WH 04,Istanbul,Road,386,11.94,4608.84,23.42,3,1070,Delivered,468.27
100201,10/22/2024,10/23/2024,11/2/2024,C3466,Europe,France,P12282,Wireless Earbuds,Electronics,S932,BlueRiver Trading,Africa,WH 09,Johannesburg,Sea,320,285.11,91235.2,13.85,10,1035,Delivered,10044.57
100202,2/11/2025,2/11/2025,2/18/2025,C2130,North America,Mexico,P46268,Detergent Bag,FMCG,S474,Evergreen Partners,Europe,WH 03,Dubai,Road,82,18.78,1539.96,14.8,7,4005,Delivered,139.12
100203,6/20/2024,6/20/2024,7/15/2024,C2141,Africa,Kenya,P93555,Office Chair,Furniture,S479,Evergreen Partners,North America,WH 04,Istanbul,Sea,426,203,86478,15.78,25,56,Delayed,22677.39
100204,5/27/2024,5/29/2024,6/11/2024,C3011,Africa,Nigeria,P54014,Study Table,Furniture,S578,Summit Supply Co,Europe,WH 05,Frankfurt,Rail,484,166.98,80818.32,22.45,13,866,Delivered,16543.18
100205,3/15/2025,3/18/2025,3/27/2025,C6744,Europe,Italy,P93820,Face Mask Box,Healthcare,S533,Pioneer Distribution,North America,WH 07,Toronto,Rail,334,26.74,8931.16,18.81,9,3615,Delivered,80.08
100206,3/23/2025,3/25/2025,4/7/2025,C3309,Europe,Sweden,P89674,Detergent Bag,FMCG,S224,Crescent Logistics,North America,WH 01,Karachi,Rail,408,26.95,10995.6,20.61,13,4309,Delivered,1895.59
100207,3/27/2024,4/1/2024,4/8/2024,C7344,North America,Mexico,P28800,Router,Electronics,S896,BlueRiver Trading,North America,WH 02,Lahore,Rail,86,296.68,25514.48,9.47,7,687,Delivered,3247.56
100208,6/13/2024,6/13/2024,6/23/2024,C9556,North America,Canada,P96836,First Aid Kit,Healthcare,S478,Evergreen Partners,Asia,WH 04,Istanbul,Sea,352,44.12,15530.24,14.43,10,1577,Delivered,1189.07
100209,6/16/2025,6/19/2025,7/3/2025,C4456,North America,United States,P40654,Office Chair,Furniture,S379,Evergreen Partners,Africa,WH 06,Amsterdam,Rail,134,177.65,23805.1,13.95,14,1184,Delivered,5822.64
100210,4/13/2024,4/18/2024,5/6/2024,C3834,Middle East,United Arab Emirates,P87988,Denim Jeans,Apparel,S952,Orion Supplies,North America,WH 02,Lahore,Sea,17,14.34,243.78,8.33,18,806,Delivered,22.5
100211,9/23/2024,9/28/2024,10/3/2024,C7538,Europe,France,P36086,Wireless Earbuds,Electronics,S575,Pioneer Distribution,Europe,WH 08,Chicago,Air,14,369.74,5176.36,21.79,5,1093,In Transit,1094.98
100212,10/27/2025,10/30/2025,11/6/2025,C8166,Africa,South Africa,P88518,Bluetooth Speaker,Electronics,S861,Nova Industrial,Europe,WH 03,Dubai,Rail,237,171.46,40636.02,16.45,7,1490,Delivered,6680.6
100213,5/13/2025,5/14/2025,5/18/2025,C4802,Asia,Vietnam,P31083,Denim Jeans,Apparel,S786,Nova Industrial,Asia,WH 01,Karachi,Rail,248,73.09,18126.32,12.38,4,514,Delivered,1161.66
100214,5/26/2024,5/31/2024,6/12/2024,C8661,Middle East,Turkey,P60876,Office Chair,Furniture,S386,BlueRiver Trading,Middle East,WH 10,Cairo,Sea,217,276.4,59978.8,8.87,12,71,Delivered,13834.55
100215,5/5/2024,5/9/2024,5/12/2024,C1695,Africa,Morocco,P68653,Toothpaste Box,FMCG,S156,Nova Industrial,Middle East,WH 01,Karachi,Road,231,5.4,1247.4,19.02,3,4414,Delivered,-69.26
100216,10/18/2024,10/18/2024,10/23/2024,C6668,Europe,Netherlands,P96156,Study Table,Furniture,S843,BlueRiver Trading,Africa,WH 06,Amsterdam,Air,145,278.37,40363.65,37.91,5,250,Delivered,8768.5
100217,9/21/2024,9/22/2024,9/27/2024,C2381,Africa,Morocco,P76634,Thermometer,Healthcare,S454,Summit Supply Co,Asia,WH 07,Toronto,Road,81,17.1,1385.1,14.77,5,387,Delivered,83.28
100218,12/23/2024,12/24/2024,1/7/2025,C8913,Asia,China,P66699,Bookshelf,Furniture,S755,Nova Industrial,Asia,WH 06,Amsterdam,Rail,367,55.57,20394.19,14.53,14,499,Delayed,4608.77
100219,10/16/2024,10/18/2024,10/27/2024,C5727,North America,United States,P63117,Router,Electronics,S666,Zenith Procurement,Europe,WH 01,Karachi,Road,36,68.59,2469.24,13.49,9,1304,Delivered,405.46
100220,6/16/2025,6/18/2025,6/23/2025,C1182,Africa,Nigeria,P17190,Bottled Water Case,FMCG,S643,Pioneer Distribution,Europe,WH 03,Dubai,Air,455,25.43,11570.65,58,5,1889,Delivered,884.44
100221,2/22/2024,2/27/2024,3/3/2024,C6590,Middle East,United Arab Emirates,P66071,Denim Jeans,Apparel,S565,Orion Supplies,Europe,WH 01,Karachi,Road,21,64.64,1357.44,13.07,5,999,Delivered,196.4
100222,3/16/2025,3/16/2025,3/18/2025,C2809,North America,Mexico,P78703,Storage Cabinet,Furniture,S825,Pioneer Distribution,North America,WH 01,Karachi,Air,303,317.68,96257.04,35.66,2,1161,Delivered,11574.02
100223,6/5/2024,6/8/2024,6/28/2024,C6738,North America,Canada,P42402,Wireless Earbuds,Electronics,S236,Nova Industrial,Asia,WH 06,Amsterdam,Sea,420,397.95,167139,15.67,20,1525,Delivered,23506.54
100224,9/15/2025,9/18/2025,9/27/2025,C9662,Middle East,Oman,P49129,Bookshelf,Furniture,S927,Crescent Logistics,Middle East,WH 08,Chicago,Rail,484,301.72,146032.48,16.63,9,955,Delivered,37963.76
100225,6/19/2025,6/22/2025,6/25/2025,C5888,Africa,Nigeria,P85357,Power Bank,Electronics,S812,BlueRiver Trading,Middle East,WH 10,Cairo,Air,30,245.41,7362.3,30.46,3,1796,In Transit,929.64
100226,6/23/2025,6/23/2025,7/5/2025,C6777,Africa,Nigeria,P15355,T Shirt Bundle,Apparel,S972,BlueRiver Trading,North America,WH 05,Frankfurt,Sea,389,104.49,40646.61,15.11,12,1186,Delivered,10962.3
100227,11/24/2024,11/29/2024,12/2/2024,C3005,Middle East,Turkey,P61168,Study Table,Furniture,S199,Pioneer Distribution,North America,WH 08,Chicago,Air,118,273.75,32302.5,36.16,3,1822,Delivered,7208.07
100228,1/28/2024,2/2/2024,2/8/2024,C2461,North America,Mexico,P64336,Bookshelf,Furniture,S455,Orion Supplies,Asia,WH 07,Toronto,Road,30,129.1,3873,13.32,6,1598,Delivered,771.11
100229,2/22/2024,2/23/2024,2/28/2024,C2815,Africa,Kenya,P46609,Smart Watch,Electronics,S948,Vertex Manufacturing,Middle East,WH 01,Karachi,Air,365,430.05,156968.25,52.16,5,724,Delivered,24172.95
100230,6/19/2025,6/23/2025,7/13/2025,C2401,Asia,India,P95179,Hoodie,Apparel,S957,Evergreen Partners,Africa,WH 01,Karachi,Sea,239,93.85,22430.15,12.37,20,268,Delivered,4569.19
100231,5/16/2025,5/20/2025,6/8/2025,C3792,Middle East,Qatar,P40116,Sportswear Set,Apparel,S233,BlueRiver Trading,Africa,WH 03,Dubai,Sea,400,11.93,4772,15.31,19,1674,Delivered,674.97
100232,1/12/2024,1/14/2024,1/19/2024,C4718,Middle East,Qatar,P66547,Denim Jeans,Apparel,S722,BlueRiver Trading,Asia,WH 03,Dubai,Air,316,12.6,3981.6,48.99,5,480,Delivered,581.01
100233,2/28/2024,3/2/2024,3/15/2024,C3204,Africa,Egypt,P97265,Vitamin Pack,Healthcare,S511,Nova Industrial,North America,WH 08,Chicago,Rail,214,69.29,14828.06,15.89,13,1441,Delayed,2930.85
100234,8/30/2025,9/2/2025,9/13/2025,C7683,Africa,Nigeria,P59429,Study Table,Furniture,S332,BlueRiver Trading,Europe,WH 02,Lahore,Sea,26,109.87,2856.62,8.49,11,75,Delivered,460.56
100235,3/31/2025,4/3/2025,4/17/2025,C2072,Europe,Poland,P42430,Office Chair,Furniture,S663,Zenith Procurement,North America,WH 02,Lahore,Rail,111,130.06,14436.66,13.39,14,1773,In Transit,3312.82
100236,1/5/2024,1/8/2024,1/12/2024,C3295,North America,United States,P86721,Snack Carton,FMCG,S521,Summit Supply Co,Europe,WH 02,Lahore,Air,420,39.25,16485,55.73,4,3083,Delivered,931.9
100237,8/20/2025,8/25/2025,9/5/2025,C2932,Europe,France,P54254,Office Chair,Furniture,S833,Zenith Procurement,Africa,WH 10,Cairo,Sea,12,91.38,1096.56,8.24,11,1166,Delivered,241.66
100238,11/26/2024,11/30/2024,12/2/2024,C3743,Middle East,Turkey,P83402,Detergent Bag,FMCG,S189,BlueRiver Trading,Asia,WH 05,Frankfurt,Air,455,30.63,13936.65,58,2,656,Delivered,1714.23
100239,6/2/2024,6/7/2024,6/14/2024,C9988,Middle East,Turkey,P13642,Floor Lamp,Furniture,S224,Vertex Manufacturing,Asia,WH 03,Dubai,Rail,363,256.48,93102.24,19.51,7,1884,Delivered,22433.92
100240,1/8/2024,1/13/2024,1/17/2024,C7976,Asia,Malaysia,P66746,Storage Cabinet,Furniture,S138,Zenith Procurement,Europe,WH 09,Johannesburg,Air,90,90.44,8139.6,34.34,4,1927,Delivered,2030.39
100241,5/26/2025,5/29/2025,6/17/2025,C9148,Europe,Spain,P28601,Vitamin Pack,Healthcare,S863,BlueRiver Trading,Africa,WH 03,Dubai,Sea,369,77.54,28612.26,14.74,19,2703,Delivered,2902.42
100242,10/14/2025,10/18/2025,10/20/2025,C8927,Europe,France,P29702,Denim Jeans,Apparel,S766,Zenith Procurement,Africa,WH 05,Frankfurt,Air,43,119.26,5128.18,31.3,2,750,Delivered,862.77
100243,9/20/2025,9/25/2025,10/3/2025,C4929,North America,United States,P29149,Hand Sanitizer Case,Healthcare,S116,Crescent Logistics,North America,WH 10,Cairo,Road,283,89.38,25294.54,15.18,8,2203,Delivered,4541.51
100244,6/2/2024,6/6/2024,6/14/2024,C4786,Africa,Kenya,P19256,Thermometer,Healthcare,S204,Crescent Logistics,Europe,WH 10,Cairo,Road,398,10.95,4358.1,23.76,8,2601,Delivered,525.71
100245,10/22/2025,10/24/2025,10/28/2025,C2132,Africa,South Africa,P90070,Bluetooth Speaker,Electronics,S402,Orion Supplies,Africa,WH 05,Frankfurt,Air,336,389.88,130999.68,37.25,4,1718,Delivered,19178.7
100246,9/19/2025,9/23/2025,10/15/2025,C1614,Africa,Egypt,P23869,Vitamin Pack,Healthcare,S593,Pioneer Distribution,Africa,WH 05,Frankfurt,Sea,484,13.66,6611.44,12.47,22,470,Delivered,532.03
100247,7/7/2024,7/10/2024,7/12/2024,C4075,Middle East,Saudi Arabia,P71250,Bookshelf,Furniture,S389,Pioneer Distribution,Asia,WH 01,Karachi,Air,450,183.62,82629,57.67,2,328,Delivered,15037.97
100248,11/11/2025,11/11/2025,12/3/2025,C6445,Middle East,Oman,P44148,Floor Lamp,Furniture,S924,Atlas Sourcing,North America,WH 10,Cairo,Sea,147,102.17,15018.99,10.7,22,1688,Delivered,1748.29
100249,2/7/2024,2/9/2024,3/4/2024,C4240,North America,Mexico,P36564,Hoodie,Apparel,S442,Evergreen Partners,Europe,WH 06,Amsterdam,Sea,323,43.32,13992.36,13.91,24,2899,Delivered,2144.94
100250,5/10/2025,5/12/2025,5/19/2025,C6141,North America,United States,P38884,Office Chair,Furniture,S409,Nova Industrial,Middle East,WH 04,Istanbul,Road,158,86.38,13648.04,16.95,7,321,Delivered,3169.75
100251,9/10/2024,9/10/2024,9/20/2024,C3832,Asia,Pakistan,P97599,Sportswear Set,Apparel,S535,Vertex Manufacturing,Middle East,WH 04,Istanbul,Sea,120,88.59,10630.8,10.21,10,3114,Delivered,2559.23
100252,3/21/2024,3/21/2024,4/14/2024,C5199,North America,Mexico,P95774,Denim Jeans,Apparel,S195,Crescent Logistics,Middle East,WH 09,Johannesburg,Sea,432,60.79,26261.28,15.89,24,3222,Delivered,7077.13
100253,2/21/2025,2/23/2025,3/7/2025,C6260,Middle East,Qatar,P72021,Office Chair,Furniture,S361,BlueRiver Trading,Middle East,WH 09,Johannesburg,Rail,349,343.34,119825.66,14.2,12,1588,Delivered,27230.42
100254,7/10/2024,7/10/2024,7/14/2024,C4171,Europe,France,P60719,Hand Sanitizer Case,Healthcare,S963,Orion Supplies,Asia,WH 05,Frankfurt,Rail,137,82.34,11280.58,14.02,4,568,Cancelled,-242.86
100255,12/1/2025,12/4/2025,12/15/2025,C4922,Africa,Egypt,P80533,Socks Pack,Apparel,S988,Orion Supplies,Asia,WH 07,Toronto,Rail,490,116.37,57021.3,22.6,11,2536,Delivered,11179.4
100256,8/27/2024,9/1/2024,9/13/2024,C4663,North America,Mexico,P14986,Sportswear Set,Apparel,S654,Zenith Procurement,Asia,WH 07,Toronto,Sea,467,98.97,46218.99,16.53,12,3316,Delivered,12660.54
100257,6/2/2025,6/7/2025,6/16/2025,C8951,Africa,Morocco,P21254,Snack Carton,FMCG,S694,Summit Supply Co,North America,WH 02,Lahore,Road,188,5.55,1043.4,17.8,9,4859,Delivered,37.06
100258,10/9/2024,10/12/2024,10/16/2024,C9708,Africa,Egypt,P20808,Hand Sanitizer Case,Healthcare,S945,Vertex Manufacturing,Africa,WH 02,Lahore,Rail,78,13.6,1060.8,9.32,4,3304,Delivered,159.46
100259,3/25/2025,3/30/2025,4/23/2025,C7432,Asia,Malaysia,P56220,Hoodie,Apparel,S183,Summit Supply Co,North America,WH 03,Dubai,Sea,191,90.68,17319.88,11.5,24,364,Delivered,4321.73
100260,1/29/2024,1/30/2024,2/23/2024,C7361,Africa,Morocco,P64845,Storage Cabinet,Furniture,S768,Orion Supplies,Asia,WH 01,Karachi,Sea,211,95.6,20171.6,11.86,24,567,Delivered,4201.57
100261,4/12/2025,4/12/2025,4/22/2025,C8162,North America,Canada,P69778,Face Mask Box,Healthcare,S877,Crescent Logistics,Africa,WH 09,Johannesburg,Sea,107,47.61,5094.27,9.97,10,407,Delivered,803.44
100262,3/14/2025,3/16/2025,4/7/2025,C7163,North America,Mexico,P91882,Denim Jeans,Apparel,S652,Evergreen Partners,Africa,WH 05,Frankfurt,Sea,447,86.54,38683.38,16.17,22,552,Delivered,5334.27
100263,12/19/2025,12/21/2025,12/23/2025,C8519,Africa,Morocco,P55800,Face Mask Box,Healthcare,S542,Vertex Manufacturing,North America,WH 08,Chicago,Air,109,28.46,3102.14,35.58,2,2505,Delivered,563.37
100264,9/22/2024,9/26/2024,10/3/2024,C2271,North America,Canada,P11813,Power Bank,Electronics,S967,Vertex Manufacturing,North America,WH 01,Karachi,Road,107,205.69,22008.83,11.49,7,333,Delivered,4634.08
100265,3/23/2024,3/23/2024,4/5/2024,C3093,North America,Mexico,P22905,Thermometer,Healthcare,S899,Atlas Sourcing,Asia,WH 10,Cairo,Rail,271,88.11,23877.81,17.28,13,2904,Delivered,2669.35
100266,12/6/2024,12/6/2024,12/13/2024,C9264,Europe,Netherlands,P78498,Face Mask Box,Healthcare,S347,Crescent Logistics,Europe,WH 01,Karachi,Rail,357,58.29,20809.53,14.35,7,2624,Delivered,1994.25
100267,5/30/2024,6/2/2024,6/4/2024,C5164,Europe,Germany,P15039,Bookshelf,Furniture,S901,Evergreen Partners,Europe,WH 07,Toronto,Road,305,150.01,45753.05,15.64,2,995,Delivered,10400.47
100268,10/30/2024,10/31/2024,11/11/2024,C5370,Middle East,Turkey,P15283,Face Mask Box,Healthcare,S542,Orion Supplies,Europe,WH 09,Johannesburg,Sea,328,52.63,17262.64,14,11,3957,Delivered,1762.95
100269,11/21/2025,11/26/2025,12/15/2025,C8786,Africa,Nigeria,P18024,Storage Cabinet,Furniture,S394,Evergreen Partners,North America,WH 03,Dubai,Sea,378,308.21,116503.38,14.91,19,1767,In Transit,28642.56
100270,7/23/2025,7/25/2025,8/8/2025,C3041,Africa,Nigeria,P59831,Hand Sanitizer Case,Healthcare,S519,Nova Industrial,Africa,WH 08,Chicago,Rail,123,61.24,7532.52,10.13,14,1558,Delivered,803.46
100271,7/3/2024,7/7/2024,7/20/2024,C9326,Europe,Italy,P64122,Hand Sanitizer Case,Healthcare,S921,Atlas Sourcing,North America,WH 05,Frankfurt,Sea,97,84.02,8149.94,9.79,13,3478,Delivered,572.88
100272,9/5/2025,9/10/2025,9/24/2025,C1644,Middle East,Qatar,P45529,Bookshelf,Furniture,S959,Summit Supply Co,North America,WH 05,Frankfurt,Sea,30,271.5,8145,8.57,14,1669,Delivered,979.21
100273,10/9/2024,10/10/2024,10/18/2024,C1060,Africa,Morocco,P36489,Floor Lamp,Furniture,S151,Zenith Procurement,Europe,WH 05,Frankfurt,Road,353,284.68,100492.04,22.48,8,1384,Delivered,24680.2
100274,6/25/2024,6/26/2024,7/4/2024,C8024,North America,Mexico,P10136,Wireless Earbuds,Electronics,S105,Pioneer Distribution,North America,WH 08,Chicago,Road,118,256.22,30233.96,11.72,8,711,Delivered,6150.35
100275,2/17/2025,2/17/2025,3/13/2025,C2700,Europe,Sweden,P33199,Hand Sanitizer Case,Healthcare,S657,Summit Supply Co,North America,WH 03,Dubai,Sea,381,26.83,10222.23,14.96,24,3518,Cancelled,-133.58
100276,10/23/2025,10/28/2025,10/30/2025,C5733,Africa,Morocco,P40954,Toothpaste Box,FMCG,S515,Orion Supplies,Africa,WH 04,Istanbul,Road,435,44.67,19431.45,18.38,2,1973,Delivered,1252.32
100277,1/11/2024,1/16/2024,2/8/2024,C1146,Asia,Pakistan,P57221,Bookshelf,Furniture,S481,Pioneer Distribution,Asia,WH 03,Dubai,Sea,421,217.29,91479.09,11.62,23,1582,Delayed,21999.93
100278,7/13/2024,7/14/2024,7/23/2024,C9640,Africa,Kenya,P40049,Floor Lamp,Furniture,S598,Pioneer Distribution,Europe,WH 05,Frankfurt,Road,150,309.86,46479,16.73,9,142,Delivered,10064.66
100279,10/21/2024,10/22/2024,10/23/2024,C6126,North America,Mexico,P40009,Bluetooth Speaker,Electronics,S916,Vertex Manufacturing,Europe,WH 09,Johannesburg,Air,112,223.52,25034.24,35.77,1,1647,Delivered,2208.96
100280,7/25/2024,7/29/2024,8/4/2024,C4893,Europe,Spain,P52056,Shampoo Pack,FMCG,S731,Evergreen Partners,Middle East,WH 03,Dubai,Road,321,42.63,13684.23,21.57,6,804,Delivered,889.26
100281,7/17/2024,7/22/2024,7/27/2024,C6057,Asia,Pakistan,P14994,Socks Pack,Apparel,S238,Vertex Manufacturing,Asia,WH 06,Amsterdam,Air,190,55.07,10463.3,30.24,5,2254,Delivered,1190.79
100282,12/16/2025,12/16/2025,12/20/2025,C5780,Middle East,Turkey,P46945,Face Mask Box,Healthcare,S933,Crescent Logistics,Africa,WH 08,Chicago,Air,342,73.91,25277.22,50.67,4,2582,Delivered,1859.5
100283,1/3/2024,1/8/2024,1/11/2024,C6626,Europe,Sweden,P34123,Wireless Earbuds,Electronics,S983,Crescent Logistics,Middle East,WH 05,Frankfurt,Air,340,316.12,107480.8,50.54,3,668,Delivered,21057.77
100284,12/13/2024,12/16/2024,12/27/2024,C6167,Asia,China,P31639,Hoodie,Apparel,S300,Vertex Manufacturing,Europe,WH 03,Dubai,Sea,259,70.28,18202.52,12.74,11,2003,Delivered,2318.36
100285,12/4/2025,12/7/2025,12/21/2025,C3942,Middle East,Turkey,P44693,T Shirt Bundle,Apparel,S541,Evergreen Partners,Asia,WH 03,Dubai,Rail,410,38.41,15748.1,20.66,14,1140,Delivered,4354.57
100286,4/14/2025,4/19/2025,5/8/2025,C4516,Middle East,Qatar,P49178,Shampoo Pack,FMCG,S153,Nova Industrial,Middle East,WH 04,Istanbul,Sea,25,14.1,352.5,6.28,19,1254,Delivered,44.54
100287,12/1/2024,12/1/2024,12/14/2024,C7539,North America,Canada,P59522,Socks Pack,Apparel,S957,Vertex Manufacturing,Asia,WH 05,Frankfurt,Rail,288,82.55,23774.4,17.69,13,2933,Delivered,4895.3
100288,8/9/2024,8/13/2024,8/14/2024,C7111,Europe,Germany,P47019,Power Bank,Electronics,S477,Nova Industrial,Europe,WH 07,Toronto,Air,119,145.3,17290.7,26.83,1,917,Delivered,1509.27
100289,7/25/2024,7/28/2024,8/1/2024,C7483,Asia,China,P10203,Hoodie,Apparel,S260,Vertex Manufacturing,Europe,WH 04,Istanbul,Air,37,33.9,1254.3,30.91,4,2772,Delivered,317.4
100290,4/29/2024,5/4/2024,5/15/2024,C3103,Middle East,Saudi Arabia,P75901,Storage Cabinet,Furniture,S798,Zenith Procurement,Middle East,WH 09,Johannesburg,Sea,241,268.23,64643.43,9.19,11,504,Delivered,16486.48
100291,6/30/2024,7/4/2024,7/18/2024,C9490,Africa,Kenya,P43724,Detergent Bag,FMCG,S898,BlueRiver Trading,Africa,WH 08,Chicago,Rail,100,41.3,4130,9.72,14,2805,Cancelled,-82.97
100292,4/3/2025,4/5/2025,4/10/2025,C7644,Asia,Indonesia,P42933,Bluetooth Speaker,Electronics,S514,Summit Supply Co,Africa,WH 04,Istanbul,Air,471,417.48,196633.08,59.03,5,1506,In Transit,38716.37
100293,12/20/2024,12/22/2024,1/16/2025,C1067,Europe,Italy,P85324,Face Mask Box,Healthcare,S640,BlueRiver Trading,Europe,WH 10,Cairo,Sea,392,68.11,26699.12,11.23,25,3721,Delivered,2652.11
100294,10/12/2025,10/17/2025,10/22/2025,C8876,Asia,Indonesia,P78798,Office Chair,Furniture,S414,Pioneer Distribution,Europe,WH 09,Johannesburg,Rail,398,348.65,138762.7,20.36,5,1635,Delivered,32507.84
100295,12/15/2025,12/17/2025,12/22/2025,C7837,Middle East,Turkey,P73185,Router,Electronics,S987,Pioneer Distribution,North America,WH 01,Karachi,Rail,480,420.77,201969.6,22.36,5,989,Delivered,35847.24
100296,4/2/2025,4/7/2025,4/13/2025,C7982,North America,United States,P49104,Detergent Bag,FMCG,S754,BlueRiver Trading,Asia,WH 07,Toronto,Rail,113,36.73,4150.49,13.44,6,2049,Delivered,519.4
100297,1/9/2025,1/11/2025,1/14/2025,C2319,Asia,Indonesia,P76677,Bluetooth Speaker,Electronics,S631,Pioneer Distribution,Asia,WH 05,Frankfurt,Air,231,414.98,95860.38,32.21,3,1229,Delivered,9699.22
100298,3/13/2025,3/14/2025,3/28/2025,C7055,Europe,Sweden,P86949,Bottled Water Case,FMCG,S759,Zenith Procurement,Middle East,WH 08,Chicago,Rail,17,7.99,135.83,11.11,14,2687,Delivered,7.32
100299,2/14/2024,2/16/2024,2/27/2024,C8382,Middle East,United Arab Emirates,P98151,First Aid Kit,Healthcare,S355,Zenith Procurement,Asia,WH 03,Dubai,Rail,82,89.77,7361.14,12.68,11,2459,Delivered,1079.68
100300,7/25/2024,7/29/2024,8/5/2024,C6750,Africa,Kenya,P88768,Shampoo Pack,FMCG,S884,Orion Supplies,North America,WH 08,Chicago,Rail,73,45.14,3295.22,12.47,7,1224,Delivered,182.72
100301,10/2/2024,10/3/2024,10/12/2024,C7628,Africa,Egypt,P29539,Toothpaste Box,FMCG,S998,Pioneer Distribution,North America,WH 03,Dubai,Rail,302,39.17,11829.34,18.03,9,883,Delivered,1801.06
100302,4/2/2024,4/7/2024,4/11/2024,C8587,Europe,Poland,P67980,Bluetooth Speaker,Electronics,S112,Evergreen Partners,Africa,WH 01,Karachi,Air,489,440.4,215355.6,60.2,4,1159,Delivered,19474.1
100303,1/10/2025,1/15/2025,1/26/2025,C3011,Europe,Germany,P13373,Router,Electronics,S195,Orion Supplies,Middle East,WH 10,Cairo,Sea,199,113.49,22584.51,11.65,11,535,Delivered,640.9
100304,12/8/2024,12/8/2024,12/10/2024,C8657,Europe,Poland,P40134,Power Bank,Electronics,S205,Pioneer Distribution,Europe,WH 09,Johannesburg,Road,190,223.26,42419.4,13.23,2,826,Delivered,6630.21
100305,2/2/2025,2/3/2025,2/28/2025,C4103,Asia,India,P96055,Hand Sanitizer Case,Healthcare,S759,Atlas Sourcing,Africa,WH 06,Amsterdam,Sea,227,24,5448,12.16,25,1044,Delayed,718.06
100306,7/29/2024,8/1/2024,8/2/2024,C8185,Europe,Italy,P21151,Detergent Bag,FMCG,S538,Atlas Sourcing,Middle East,WH 05,Frankfurt,Air,304,25.43,7730.72,48.21,1,3177,Delivered,1232.65
100307,1/24/2025,1/26/2025,1/31/2025,C2881,Asia,Indonesia,P43037,First Aid Kit,Healthcare,S706,Evergreen Partners,Africa,WH 08,Chicago,Air,319,26.85,8565.15,49.18,5,1774,Delivered,861.5
100308,4/29/2024,5/2/2024,5/8/2024,C8579,North America,Mexico,P60818,Storage Cabinet,Furniture,S336,Zenith Procurement,Middle East,WH 07,Toronto,Road,255,295.97,75472.35,19.7,6,455,Delivered,15784.4
100309,1/6/2024,1/11/2024,2/5/2024,C5482,North America,Canada,P24079,Detergent Bag,FMCG,S798,Pioneer Distribution,Europe,WH 04,Istanbul,Sea,85,30.06,2555.1,9.57,25,648,Delivered,341.65
100310,12/25/2025,12/26/2025,12/30/2025,C7531,Europe,Sweden,P63772,Office Chair,Furniture,S656,Summit Supply Co,Middle East,WH 07,Toronto,Air,136,226.09,30748.24,37.32,4,325,Delivered,4958.02
100311,9/29/2024,9/30/2024,10/17/2024,C5204,Middle East,Saudi Arabia,P87485,Denim Jeans,Apparel,S427,Zenith Procurement,Asia,WH 08,Chicago,Sea,273,111.7,30494.1,12.99,17,1284,Delivered,5880.3
100312,9/28/2024,9/29/2024,10/1/2024,C4357,Asia,Indonesia,P76406,Shampoo Pack,FMCG,S112,Nova Industrial,Middle East,WH 10,Cairo,Air,105,21.91,2300.55,35.32,2,1417,Delivered,281.4
100313,9/15/2025,9/15/2025,9/24/2025,C1142,Asia,India,P41923,Thermometer,Healthcare,S813,Atlas Sourcing,Middle East,WH 04,Istanbul,Road,373,49.1,18314.3,23.05,9,2631,Delivered,2302.19
100314,1/1/2024,1/4/2024,1/7/2024,C4791,North America,United States,P46639,Toothpaste Box,FMCG,S882,BlueRiver Trading,Middle East,WH 04,Istanbul,Air,149,37.61,5603.89,38.17,3,3251,Delivered,518.68
100315,12/2/2025,12/4/2025,12/24/2025,C7416,Middle East,Saudi Arabia,P85476,Hand Sanitizer Case,Healthcare,S952,Nova Industrial,Middle East,WH 08,Chicago,Sea,433,84.19,36454.27,11.79,20,692,Delivered,6213.93
100316,5/18/2024,5/18/2024,5/23/2024,C2874,North America,Canada,P51830,Socks Pack,Apparel,S767,Pioneer Distribution,Middle East,WH 02,Lahore,Air,282,81.87,23087.34,46.79,5,2381,Delivered,6635.43
100317,8/2/2025,8/7/2025,8/20/2025,C3105,North America,United States,P10307,Hoodie,Apparel,S669,Evergreen Partners,Asia,WH 10,Cairo,Rail,297,69.73,20709.81,17.91,13,1401,Delivered,3344.86
100318,11/26/2025,11/28/2025,12/19/2025,C3863,Europe,Germany,P42551,Socks Pack,Apparel,S708,Vertex Manufacturing,Africa,WH 07,Toronto,Sea,456,118.33,53958.48,16.33,21,621,Delivered,6046.54
100319,7/2/2024,7/5/2024,7/10/2024,C6698,Europe,France,P76809,Denim Jeans,Apparel,S609,Evergreen Partners,Africa,WH 04,Istanbul,Air,127,82.81,10516.87,36.74,5,1455,Delivered,1387.65
100320,7/13/2024,7/14/2024,8/1/2024,C7305,Africa,Nigeria,P28782,Sportswear Set,Apparel,S533,Pioneer Distribution,Middle East,WH 03,Dubai,Rail,349,93.32,32568.68,19.17,18,3353,Delayed,7739.05
100321,8/23/2025,8/24/2025,8/27/2025,C6552,Europe,France,P76163,Face Mask Box,Healthcare,S825,Crescent Logistics,Africa,WH 01,Karachi,Air,478,68.26,32628.28,59.49,3,3752,Delivered,6253.66
100322,10/28/2024,10/28/2024,11/3/2024,C3672,Asia,Vietnam,P66683,Bluetooth Speaker,Electronics,S402,Evergreen Partners,Europe,WH 04,Istanbul,Road,480,316.88,152102.4,26.08,6,579,Delivered,23282.1
100323,7/5/2025,7/6/2025,7/16/2025,C4783,Europe,Germany,P65798,Detergent Bag,FMCG,S302,Pioneer Distribution,North America,WH 01,Karachi,Road,70,40.1,2807,14.46,10,3608,Delivered,159.52
100324,7/15/2024,7/15/2024,7/29/2024,C8616,Middle East,United Arab Emirates,P24011,Router,Electronics,S918,Summit Supply Co,Middle East,WH 01,Karachi,Rail,39,396.75,15473.25,8.62,14,157,Delivered,2459.62
100325,3/20/2025,3/24/2025,3/31/2025,C3504,Africa,Nigeria,P51574,Hand Sanitizer Case,Healthcare,S834,Orion Supplies,Africa,WH 07,Toronto,Road,195,43.36,8455.2,13.34,7,1787,Cancelled,-247.46
100326,1/19/2025,1/19/2025,2/6/2025,C7837,Asia,Pakistan,P44217,First Aid Kit,Healthcare,S504,Atlas Sourcing,Europe,WH 10,Cairo,Sea,344,75.3,25903.2,14.29,18,877,Delivered,924
100327,10/14/2025,10/14/2025,10/15/2025,C5524,North America,Canada,P71602,Office Chair,Furniture,S465,Zenith Procurement,Middle East,WH 08,Chicago,Air,23,158.11,3636.53,30,1,704,Delivered,630.17
100328,9/1/2024,9/3/2024,9/28/2024,C8984,Europe,Italy,P75942,Bluetooth Speaker,Electronics,S316,BlueRiver Trading,Middle East,WH 07,Toronto,Sea,427,72.74,31059.98,15.8,25,1078,Delayed,3555.11
100329,5/25/2024,5/28/2024,6/1/2024,C8566,Africa,Egypt,P22306,Bluetooth Speaker,Electronics,S674,Crescent Logistics,Asia,WH 08,Chicago,Rail,500,77.18,38590,22.84,4,468,Delivered,6039.37
100330,3/7/2025,3/10/2025,3/21/2025,C7524,North America,Mexico,P71584,Router,Electronics,S426,Orion Supplies,Europe,WH 04,Istanbul,Rail,372,435.28,161924.16,19.73,11,404,Delivered,28254.69
100331,4/7/2025,4/12/2025,4/19/2025,C5827,North America,United States,P72653,Wireless Earbuds,Electronics,S487,Summit Supply Co,Africa,WH 01,Karachi,Rail,438,145.83,63873.54,21.34,7,286,In Transit,7929.46
100332,6/7/2024,6/7/2024,6/23/2024,C4847,North America,United States,P65878,Detergent Bag,FMCG,S603,Crescent Logistics,Middle East,WH 02,Lahore,Sea,373,46.24,17247.52,14.82,16,1301,Delivered,1052.43
100333,7/15/2024,7/19/2024,7/24/2024,C5266,Europe,Netherlands,P50317,Detergent Bag,FMCG,S272,Evergreen Partners,Africa,WH 06,Amsterdam,Air,160,42.48,6796.8,38.88,5,2275,Delivered,635.87
100334,10/14/2024,10/15/2024,10/20/2024,C7009,Europe,Sweden,P14552,Router,Electronics,S840,Zenith Procurement,Asia,WH 02,Lahore,Rail,211,283.49,59816.39,15.82,5,673,Delivered,11707.49
100335,4/5/2024,4/8/2024,4/15/2024,C1725,Europe,Sweden,P53461,Wireless Earbuds,Electronics,S390,Vertex Manufacturing,Africa,WH 10,Cairo,Rail,31,111.64,3460.84,11.45,7,199,Delivered,552.58
100336,8/21/2025,8/26/2025,8/30/2025,C2814,North America,United States,P88537,Sportswear Set,Apparel,S182,Pioneer Distribution,Europe,WH 06,Amsterdam,Rail,134,34.49,4621.66,13.95,4,3268,Delivered,1165.77
100337,9/4/2024,9/4/2024,9/17/2024,C7782,Middle East,Saudi Arabia,P35933,Face Mask Box,Healthcare,S454,BlueRiver Trading,Africa,WH 05,Frankfurt,Rail,125,35.52,4440,13.73,13,2001,In Transit,779
100338,5/17/2025,5/17/2025,6/11/2025,C7401,Asia,Pakistan,P57947,Denim Jeans,Apparel,S220,Evergreen Partners,Europe,WH 07,Toronto,Sea,307,111.96,34371.72,13.61,25,3216,Delivered,4199.95
100339,9/18/2024,9/18/2024,9/22/2024,C9430,North America,United States,P32831,Bluetooth Speaker,Electronics,S397,Nova Industrial,Middle East,WH 06,Amsterdam,Air,85,202,17170,34.02,4,1048,Cancelled,-145.86
100340,3/12/2024,3/17/2024,3/21/2024,C2789,Asia,India,P38202,Smart Watch,Electronics,S116,Evergreen Partners,Middle East,WH 09,Johannesburg,Air,72,147.48,10618.56,33.18,4,425,In Transit,949.97
100341,9/21/2025,9/25/2025,10/10/2025,C1969,Asia,Pakistan,P76630,Wireless Earbuds,Electronics,S279,Summit Supply Co,Asia,WH 10,Cairo,Rail,133,356.04,47353.32,10.31,15,846,Delayed,6393.76
100342,4/5/2025,4/6/2025,4/11/2025,C8478,Middle East,United Arab Emirates,P89507,Sportswear Set,Apparel,S380,Evergreen Partners,Asia,WH 09,Johannesburg,Air,335,48.12,16120.2,50.22,5,3115,Delivered,4229.23
100343,4/15/2025,4/16/2025,5/8/2025,C2909,Africa,Morocco,P16364,Bottled Water Case,FMCG,S967,Crescent Logistics,Europe,WH 05,Frankfurt,Sea,31,20.18,625.58,8.58,22,1231,Delivered,75.41
100344,11/30/2024,11/30/2024,12/4/2024,C9579,North America,Canada,P13121,Shampoo Pack,FMCG,S949,Crescent Logistics,Middle East,WH 05,Frankfurt,Air,14,12.03,168.42,29.42,4,4048,In Transit,-11.24
100345,8/29/2025,9/1/2025,9/7/2025,C6308,North America,Canada,P56418,Wireless Earbuds,Electronics,S706,Nova Industrial,Europe,WH 08,Chicago,Rail,190,359.52,68308.8,15.31,6,236,Delivered,8607.98
100346,5/23/2024,5/28/2024,6/13/2024,C4178,Middle East,United Arab Emirates,P41831,Snack Carton,FMCG,S228,Orion Supplies,Middle East,WH 06,Amsterdam,Sea,404,30.03,12132.12,11.39,16,2351,Delivered,995.16
100347,12/13/2024,12/13/2024,12/21/2024,C6505,North America,Canada,P58899,Sportswear Set,Apparel,S207,Vertex Manufacturing,Europe,WH 05,Frankfurt,Rail,28,23.86,668.08,11.37,8,967,Delivered,98.77
100348,6/30/2024,7/1/2024,7/2/2024,C3077,Africa,Kenya,P89443,Bookshelf,Furniture,S777,Crescent Logistics,Middle East,WH 06,Amsterdam,Air,293,278.26,81530.18,47.5,1,827,Delivered,12779.91
100349,12/26/2024,12/31/2024,1/2/2025,C2269,Middle East,Turkey,P50469,Snack Carton,FMCG,S284,Evergreen Partners,North America,WH 07,Toronto,Air,477,36.56,17439.12,59.42,2,4731,Delivered,1897.4
100350,2/27/2025,2/27/2025,3/6/2025,C4809,Asia,Indonesia,P32191,Detergent Bag,FMCG,S887,Summit Supply Co,Europe,WH 09,Johannesburg,Air,48,33.41,1603.68,31.62,7,4716,Delivered,151.26
100351,7/22/2025,7/27/2025,8/4/2025,C3172,Middle East,Saudi Arabia,P26663,Bookshelf,Furniture,S721,BlueRiver Trading,Middle East,WH 08,Chicago,Road,343,300.34,103016.62,16.44,8,1801,Delivered,19047.25
100352,2/5/2024,2/9/2024,2/22/2024,C5535,North America,United States,P78312,Denim Jeans,Apparel,S195,Evergreen Partners,Middle East,WH 02,Lahore,Sea,426,102.13,43507.38,15.78,13,297,Delivered,4344.63
100353,11/29/2025,12/3/2025,12/10/2025,C6874,Africa,Egypt,P81117,Face Mask Box,Healthcare,S842,Summit Supply Co,Africa,WH 07,Toronto,Rail,488,11.48,5602.24,16.7,7,2643,Delivered,780.81
100354,6/10/2025,6/13/2025,6/15/2025,C7638,North America,Mexico,P47419,Thermometer,Healthcare,S709,BlueRiver Trading,Asia,WH 04,Istanbul,Road,270,16.48,4449.6,20.13,2,571,Delivered,464.17
100355,9/1/2024,9/3/2024,9/4/2024,C6229,Europe,Poland,P91845,Vitamin Pack,Healthcare,S289,Vertex Manufacturing,Middle East,WH 06,Amsterdam,Air,480,74.85,35928,59.62,1,4180,Delivered,5097.73
100356,11/21/2024,11/21/2024,11/30/2024,C5932,Asia,Pakistan,P94698,Wireless Earbuds,Electronics,S700,Atlas Sourcing,Africa,WH 09,Johannesburg,Rail,81,97.04,7860.24,12.66,9,1797,In Transit,1529.21
100357,2/23/2024,2/24/2024,3/20/2024,C2581,Middle East,Qatar,P44754,Floor Lamp,Furniture,S292,Vertex Manufacturing,Africa,WH 03,Dubai,Sea,392,141.35,55409.2,15.16,25,178,Delivered,12681.9
100358,11/3/2025,11/5/2025,11/9/2025,C6594,Asia,Malaysia,P17371,Wireless Earbuds,Electronics,S311,Evergreen Partners,Asia,WH 02,Lahore,Air,118,160.13,18895.34,26.78,4,1752,Delivered,3416.61
100359,10/14/2025,10/18/2025,11/8/2025,C2499,North America,Canada,P53059,Sportswear Set,Apparel,S210,Atlas Sourcing,Africa,WH 08,Chicago,Sea,446,97.62,43538.52,16.15,21,1216,Delivered,12727.4
100360,1/26/2024,1/28/2024,2/2/2024,C5306,Middle East,United Arab Emirates,P94719,Floor Lamp,Furniture,S650,Zenith Procurement,Asia,WH 05,Frankfurt,Air,444,221.53,98359.32,57.28,5,1852,Delivered,12400.19
100361,3/23/2025,3/28/2025,4/2/2025,C9105,Asia,Pakistan,P93163,T Shirt Bundle,Apparel,S676,Crescent Logistics,Europe,WH 09,Johannesburg,Road,364,99.09,36068.76,22.79,5,1616,Delivered,4122.51
100362,11/19/2024,11/19/2024,12/10/2024,C9106,Africa,Kenya,P87362,Socks Pack,Apparel,S728,Evergreen Partners,Middle East,WH 04,Istanbul,Sea,430,12.3,5289,15.86,21,749,Delivered,1394.4
100363,4/25/2024,4/30/2024,5/7/2024,C7448,Europe,France,P89878,Floor Lamp,Furniture,S465,Orion Supplies,Africa,WH 04,Istanbul,Rail,131,167.81,21983.11,13.88,7,1511,Delivered,3742.53
100364,11/8/2024,11/9/2024,11/25/2024,C8008,Africa,Egypt,P58291,Office Chair,Furniture,S881,Atlas Sourcing,Europe,WH 05,Frankfurt,Rail,343,58.94,20216.42,19.03,16,397,Delayed,3868.15
100365,4/2/2024,4/6/2024,4/15/2024,C1506,Africa,South Africa,P25540,First Aid Kit,Healthcare,S675,Zenith Procurement,North America,WH 04,Istanbul,Road,255,61.16,15595.8,19.7,9,3358,Delivered,1346.43
100366,11/25/2024,11/26/2024,12/8/2024,C7106,Asia,Bangladesh,P55875,Storage Cabinet,Furniture,S772,Zenith Procurement,Africa,WH 07,Toronto,Rail,10,90.39,903.9,10.94,12,1261,Delivered,75.3
100367,4/22/2025,4/23/2025,5/11/2025,C1919,Africa,South Africa,P22242,Hoodie,Apparel,S391,Pioneer Distribution,Africa,WH 03,Dubai,Rail,443,68.3,30256.9,15.89,18,1984,Delayed,8504.57
100368,5/22/2025,5/26/2025,5/29/2025,C8354,Africa,Morocco,P40979,Smart Watch,Electronics,S520,Zenith Procurement,Asia,WH 04,Istanbul,Air,26,264.23,6869.98,30.2,3,991,Delivered,1316.19
100369,7/21/2024,7/22/2024,7/26/2024,C1692,Asia,India,P38926,Denim Jeans,Apparel,S554,Summit Supply Co,Middle East,WH 07,Toronto,Air,262,23.68,6204.16,45.49,4,591,Delivered,1063.98
100370,10/25/2025,10/30/2025,11/11/2025,C8933,Africa,Egypt,P50696,Study Table,Furniture,S132,Pioneer Distribution,Africa,WH 03,Dubai,Sea,467,291,135897,12.24,12,911,Cancelled,-205.45
100371,6/9/2024,6/11/2024,7/4/2024,C6811,Middle East,Qatar,P15606,Toothpaste Box,FMCG,S984,Zenith Procurement,Middle East,WH 10,Cairo,Sea,181,7.46,1350.26,8.38,23,2606,Delivered,191.16
100372,12/29/2024,12/31/2024,1/5/2025,C7748,North America,United States,P27857,Study Table,Furniture,S271,Atlas Sourcing,Middle East,WH 09,Johannesburg,Road,392,235.75,92414,23.59,5,1640,Delivered,13500.33
100373,6/27/2024,6/27/2024,7/16/2024,C7559,Middle East,Oman,P94694,Floor Lamp,Furniture,S296,Pioneer Distribution,Europe,WH 02,Lahore,Rail,51,127.84,6519.84,11.93,19,1403,Delayed,1160.4
100374,5/2/2024,5/4/2024,5/8/2024,C9220,Europe,Italy,P90846,Wireless Earbuds,Electronics,S134,Atlas Sourcing,Africa,WH 05,Frankfurt,Road,15,210.19,3152.85,12.9,4,1367,Delivered,408.29
100375,12/5/2024,12/8/2024,12/26/2024,C9022,Middle East,Turkey,P21279,Storage Cabinet,Furniture,S432,Summit Supply Co,Asia,WH 10,Cairo,Sea,204,312.19,63686.76,11.74,18,1066,Delayed,15556.48
100376,2/11/2025,2/11/2025,2/17/2025,C3313,North America,Mexico,P85242,Socks Pack,Apparel,S307,Orion Supplies,Middle East,WH 09,Johannesburg,Road,119,59.97,7136.43,15.85,6,455,Delivered,873.75
100377,2/23/2025,2/23/2025,3/11/2025,C6649,Middle East,United Arab Emirates,P62413,Snack Carton,FMCG,S240,Orion Supplies,Middle East,WH 05,Frankfurt,Sea,52,29.96,1557.92,6.64,16,3005,Delivered,82.48
100378,11/2/2025,11/2/2025,11/6/2025,C8235,Asia,Malaysia,P92733,Smart Watch,Electronics,S348,Atlas Sourcing,Africa,WH 06,Amsterdam,Air,491,76.16,37394.56,60.33,4,971,Delivered,4582.24
100379,9/25/2024,9/29/2024,10/14/2024,C9558,Europe,Netherlands,P94817,Toothpaste Box,FMCG,S165,Atlas Sourcing,Asia,WH 10,Cairo,Rail,467,29.61,13827.87,22.04,15,4570,Delayed,800.1
100380,3/14/2025,3/16/2025,3/19/2025,C6428,Africa,Nigeria,P49449,Thermometer,Healthcare,S849,Crescent Logistics,North America,WH 05,Frankfurt,Air,23,76.11,1750.53,30,3,1651,Delivered,260.87
100381,3/15/2025,3/20/2025,3/23/2025,C5534,Africa,Nigeria,P38379,Vitamin Pack,Healthcare,S959,Crescent Logistics,Middle East,WH 01,Karachi,Air,453,55.43,25109.79,57.87,3,3162,In Transit,2291.38
100382,9/2/2025,9/3/2025,9/6/2025,C2366,Europe,Poland,P51979,Toothpaste Box,FMCG,S409,Crescent Logistics,North America,WH 04,Istanbul,Air,159,11.08,1761.72,38.82,3,4379,Delivered,51.8
100383,8/1/2024,8/5/2024,8/18/2024,C7040,Middle East,Saudi Arabia,P20304,Hand Sanitizer Case,Healthcare,S745,Evergreen Partners,Middle East,WH 08,Chicago,Rail,160,32.83,5252.8,10.8,13,3614,Delivered,601.23
100384,4/7/2025,4/7/2025,4/13/2025,C6014,Asia,Malaysia,P44650,Hand Sanitizer Case,Healthcare,S912,Zenith Procurement,Middle East,WH 08,Chicago,Road,437,25.23,11025.51,24.86,6,881,In Transit,1749.3
100385,9/1/2024,9/5/2024,9/6/2024,C8257,Africa,South Africa,P12159,Power Bank,Electronics,S912,Zenith Procurement,Asia,WH 09,Johannesburg,Air,86,231.81,19935.66,34.08,1,1733,Delivered,2730.48
100386,6/20/2025,6/21/2025,6/26/2025,C3296,Europe,Spain,P94517,Bottled Water Case,FMCG,S174,Nova Industrial,North America,WH 05,Frankfurt,Rail,151,9.71,1466.21,14.36,5,1678,In Transit,195.12
100387,12/9/2024,12/13/2024,12/16/2024,C7115,Africa,Morocco,P61628,Detergent Bag,FMCG,S607,Pioneer Distribution,North America,WH 01,Karachi,Air,135,30.97,4180.95,37.26,3,4740,Delivered,611.17
100388,6/30/2024,7/2/2024,7/12/2024,C5576,Asia,China,P93791,Office Chair,Furniture,S847,BlueRiver Trading,Europe,WH 08,Chicago,Road,369,116.53,42999.57,22.94,10,394,Delivered,8071.3
100389,2/17/2024,2/19/2024,2/29/2024,C2033,Asia,Malaysia,P57645,Toothpaste Box,FMCG,S855,Nova Industrial,Europe,WH 05,Frankfurt,Rail,283,17.75,5023.25,17.57,10,2079,Delivered,486.61
100390,9/12/2025,9/12/2025,9/17/2025,C9334,North America,Canada,P34162,Wireless Earbuds,Electronics,S988,Crescent Logistics,Asia,WH 07,Toronto,Road,317,335.74,106429.58,21.46,5,1334,Delivered,18611.09
100391,9/12/2025,9/13/2025,9/18/2025,C1066,Europe,Spain,P55246,Bluetooth Speaker,Electronics,S465,Orion Supplies,Europe,WH 08,Chicago,Air,265,409.98,108644.7,33.84,5,1190,Cancelled,-109.9
100392,7/2/2025,7/3/2025,7/15/2025,C1571,Europe,Netherlands,P27174,Detergent Bag,FMCG,S714,Pioneer Distribution,Asia,WH 01,Karachi,Road,305,41.17,12556.85,21.12,12,1474,Delayed,1217.15
100393,3/29/2024,3/30/2024,4/3/2024,C5588,Asia,Vietnam,P82833,Study Table,Furniture,S764,Pioneer Distribution,Asia,WH 04,Istanbul,Air,22,172.74,3800.28,22.18,4,781,Delivered,623.68
100394,7/10/2024,7/14/2024,7/20/2024,C8099,Asia,China,P10893,Bluetooth Speaker,Electronics,S466,Zenith Procurement,North America,WH 05,Frankfurt,Rail,327,365.52,119525.04,18.64,6,265,Delivered,14960.51
100395,9/26/2024,9/26/2024,10/8/2024,C8686,Middle East,Saudi Arabia,P41186,Shampoo Pack,FMCG,S404,Summit Supply Co,Africa,WH 01,Karachi,Sea,482,45.65,22003.3,16.8,12,4627,In Transit,2799.53
100396,9/29/2024,10/3/2024,10/25/2024,C7691,Middle East,Qatar,P71957,Toothpaste Box,FMCG,S314,Evergreen Partners,Africa,WH 08,Chicago,Sea,143,35.71,5106.53,10.63,22,1762,Delivered,583.64
100397,4/26/2025,4/29/2025,5/11/2025,C6308,Asia,Pakistan,P16221,Shampoo Pack,FMCG,S701,Vertex Manufacturing,Middle East,WH 06,Amsterdam,Sea,185,19.8,3663,11.39,12,1507,Delivered,586.64
100398,12/26/2025,12/28/2025,1/7/2026,C4968,North America,United States,P12716,Snack Carton,FMCG,S290,BlueRiver Trading,Europe,WH 09,Johannesburg,Rail,209,35.5,7419.5,15.77,10,3406,Delivered,406.94
100399,12/31/2025,1/5/2026,1/9/2026,C5938,Asia,Vietnam,P48185,Denim Jeans,Apparel,S984,Summit Supply Co,Africa,WH 09,Johannesburg,Air,426,30.81,13125.06,56.12,4,1657,Delivered,2509.04
100400,7/13/2025,7/15/2025,7/28/2025,C9802,Middle East,Qatar,P83843,Smart Watch,Electronics,S369,Pioneer Distribution,Middle East,WH 02,Lahore,Sea,456,335.2,152851.2,12.1,13,1390,Delivered,27738.34
100401,2/19/2024,2/24/2024,3/18/2024,C4150,Middle East,Turkey,P25386,Router,Electronics,S370,Orion Supplies,North America,WH 06,Amsterdam,Sea,59,306.24,18068.16,9.09,23,1664,Delivered,2190.86
100402,12/17/2024,12/21/2024,1/15/2025,C2907,Middle East,Turkey,P39424,Bookshelf,Furniture,S880,Summit Supply Co,Europe,WH 08,Chicago,Sea,10,57.41,574.1,8.2,25,128,Delivered,108.51
100403,4/21/2025,4/25/2025,5/5/2025,C5487,Asia,Indonesia,P24645,Bluetooth Speaker,Electronics,S485,Nova Industrial,Europe,WH 01,Karachi,Road,218,235.99,51445.82,18.65,10,1674,Delivered,7137.82
100404,10/17/2024,10/21/2024,10/24/2024,C7768,Middle East,Turkey,P19130,Socks Pack,Apparel,S372,Evergreen Partners,Middle East,WH 07,Toronto,Road,345,38.23,13189.35,16.48,3,279,Delivered,3271.26
100405,11/20/2024,11/24/2024,12/3/2024,C7852,Africa,Morocco,P76985,First Aid Kit,Healthcare,S796,Nova Industrial,Asia,WH 05,Frankfurt,Road,331,8.02,2654.62,21.86,9,2859,Delivered,447.71
100406,9/7/2024,9/12/2024,9/14/2024,C8104,Africa,Kenya,P10215,Detergent Bag,FMCG,S231,Zenith Procurement,Middle East,WH 10,Cairo,Road,269,15.9,4277.1,20.1,2,2006,Delivered,324.14
100407,11/30/2025,12/5/2025,12/11/2025,C5567,North America,Mexico,P84807,Study Table,Furniture,S724,Orion Supplies,Europe,WH 02,Lahore,Road,22,65.16,1433.52,13.1,6,278,Delivered,360.18
100408,6/30/2024,7/2/2024,7/15/2024,C4779,Asia,Malaysia,P52818,Thermometer,Healthcare,S170,Orion Supplies,North America,WH 03,Dubai,Rail,257,34.3,8815.1,16.94,13,3777,Delivered,1582.82
100409,4/18/2025,4/23/2025,5/8/2025,C8465,Asia,China,P66754,Shampoo Pack,FMCG,S795,Crescent Logistics,Middle East,WH 06,Amsterdam,Road,188,5.82,1094.16,17.8,15,2879,Delayed,36.99
100410,8/28/2024,8/28/2024,8/31/2024,C4768,Europe,Italy,P51910,Snack Carton,FMCG,S927,BlueRiver Trading,Asia,WH 06,Amsterdam,Air,108,21.35,2305.8,35.51,3,3905,Delivered,300.82
100411,6/26/2025,7/1/2025,7/6/2025,C5368,North America,Mexico,P37094,Wireless Earbuds,Electronics,S306,Vertex Manufacturing,Asia,WH 08,Chicago,Rail,119,417.16,49642.04,13.58,5,1641,Delivered,4102.05
100412,4/21/2025,4/26/2025,5/4/2025,C7362,Africa,Nigeria,P84219,Power Bank,Electronics,S990,Vertex Manufacturing,Europe,WH 06,Amsterdam,Rail,70,248.31,17381.7,12.39,8,587,Delivered,3652.91
100413,11/29/2025,12/2/2025,12/16/2025,C6966,North America,United States,P49725,Vitamin Pack,Healthcare,S551,Atlas Sourcing,Africa,WH 01,Karachi,Sea,215,52.65,11319.75,11.94,14,526,Delivered,1066.33
100414,10/13/2025,10/18/2025,10/25/2025,C9320,Asia,India,P59589,Power Bank,Electronics,S850,Zenith Procurement,Middle East,WH 03,Dubai,Road,67,94.1,6304.7,14.37,7,951,In Transit,731.84
100415,2/13/2024,2/15/2024,3/5/2024,C1547,Asia,Indonesia,P86396,Study Table,Furniture,S666,Zenith Procurement,Europe,WH 07,Toronto,Sea,201,75.91,15257.91,11.68,19,1640,Delivered,3333.44
100416,6/2/2024,6/4/2024,6/7/2024,C9737,North America,United States,P73656,Hand Sanitizer Case,Healthcare,S780,BlueRiver Trading,Africa,WH 01,Karachi,Air,160,69.15,11064,38.88,3,2279,Delivered,1915.49
100417,6/28/2024,7/3/2024,7/19/2024,C4161,Europe,Sweden,P14321,Vitamin Pack,Healthcare,S769,Evergreen Partners,Asia,WH 08,Chicago,Sea,237,53.26,12622.62,12.34,16,3368,Delivered,1363.36
100418,2/25/2024,2/25/2024,2/28/2024,C4565,North America,Canada,P30977,Router,Electronics,S541,Pioneer Distribution,Asia,WH 06,Amsterdam,Air,139,207.51,28843.89,37.52,3,163,Delivered,3746.4
100419,12/15/2025,12/16/2025,1/3/2026,C5522,North America,Mexico,P29572,Socks Pack,Apparel,S265,Atlas Sourcing,Middle East,WH 06,Amsterdam,Sea,50,18.86,943,8.93,18,515,In Transit,188.9
100420,11/13/2024,11/13/2024,11/20/2024,C5212,Europe,Poland,P33345,First Aid Kit,Healthcare,S467,Crescent Logistics,Asia,WH 07,Toronto,Rail,103,24.88,2562.64,13.19,7,1938,Delivered,260.26
100421,9/30/2024,10/1/2024,10/6/2024,C2552,Europe,Netherlands,P61272,T Shirt Bundle,Apparel,S113,Zenith Procurement,Asia,WH 07,Toronto,Road,442,22.64,10006.88,25,5,2329,Delivered,2171.37
100422,9/21/2024,9/25/2024,9/28/2024,C1996,Asia,India,P36870,First Aid Kit,Healthcare,S630,Evergreen Partners,Middle East,WH 01,Karachi,Air,355,83.38,29599.9,51.52,3,1377,Delivered,3732.26
100423,3/25/2025,3/25/2025,4/13/2025,C9096,North America,United States,P57691,Smart Watch,Electronics,S276,Summit Supply Co,Middle East,WH 06,Amsterdam,Sea,193,193.32,37310.76,11.54,19,1122,Delivered,7120.45
100424,2/15/2024,2/20/2024,2/27/2024,C2212,Asia,Indonesia,P66117,Router,Electronics,S929,Crescent Logistics,Middle East,WH 02,Lahore,Rail,138,79.99,11038.62,14.05,7,1339,Delivered,1770.66
100425,5/13/2024,5/16/2024,5/24/2024,C3713,Middle East,Saudi Arabia,P55254,Snack Carton,FMCG,S260,Nova Industrial,North America,WH 07,Toronto,Road,35,6.21,217.35,13.47,8,1023,Delivered,17.6
100426,2/1/2025,2/4/2025,2/5/2025,C9747,North America,Canada,P97968,Denim Jeans,Apparel,S880,BlueRiver Trading,Europe,WH 03,Dubai,Air,87,37.74,3283.38,34.15,1,2807,Delivered,629.73
100427,7/31/2025,8/1/2025,8/11/2025,C4276,Europe,Germany,P57894,Bottled Water Case,FMCG,S436,Pioneer Distribution,North America,WH 07,Toronto,Road,263,11.23,2953.49,19.93,10,1599,Delivered,408.51
100428,9/3/2025,9/8/2025,9/12/2025,C2532,Africa,Nigeria,P97173,Bottled Water Case,FMCG,S291,Nova Industrial,Middle East,WH 05,Frankfurt,Road,365,10.37,3785.05,22.82,4,823,Delivered,326.76
100429,4/24/2025,4/26/2025,5/3/2025,C7500,Asia,India,P27199,Socks Pack,Apparel,S746,Orion Supplies,Europe,WH 06,Amsterdam,Road,452,84.84,38347.68,25.29,7,292,Delivered,9228.8
100430,9/27/2024,9/29/2024,10/21/2024,C5500,Asia,China,P76708,Snack Carton,FMCG,S988,Evergreen Partners,Africa,WH 01,Karachi,Sea,276,36.7,10129.2,13.05,22,1941,Delivered,1748.47
100431,10/13/2025,10/18/2025,10/25/2025,C4240,North America,United States,P82201,Power Bank,Electronics,S733,Pioneer Distribution,Africa,WH 09,Johannesburg,Air,410,107.31,43997.1,55.08,7,1007,Delivered,3817.7
100432,4/15/2024,4/19/2024,5/4/2024,C3244,Asia,Malaysia,P78619,Smart Watch,Electronics,S180,BlueRiver Trading,Asia,WH 01,Karachi,Sea,339,290.77,98571.03,10.52,15,441,Delivered,8216.92
100433,1/2/2024,1/3/2024,1/23/2024,C1739,Europe,France,P77081,Bookshelf,Furniture,S568,BlueRiver Trading,Africa,WH 10,Cairo,Sea,221,119.82,26480.22,12.05,20,923,Delivered,5020.11
100434,10/22/2025,10/25/2025,11/1/2025,C7998,Asia,Pakistan,P41624,Smart Watch,Electronics,S228,Pioneer Distribution,Europe,WH 02,Lahore,Air,419,347.48,145594.12,55.66,7,1319,Delivered,12281.86
100435,2/20/2024,2/21/2024,3/1/2024,C6367,Asia,Pakistan,P26453,Office Chair,Furniture,S952,Crescent Logistics,Africa,WH 07,Toronto,Air,66,113.35,7481.1,32.79,9,2057,Delivered,1762.86
100436,10/24/2024,10/26/2024,11/8/2024,C8347,Middle East,United Arab Emirates,P24249,Floor Lamp,Furniture,S643,Crescent Logistics,North America,WH 04,Istanbul,Rail,243,218.81,53170.83,16.6,13,892,Delivered,9979.12
100437,7/29/2025,7/29/2025,8/12/2025,C8072,North America,Canada,P61428,Study Table,Furniture,S325,Orion Supplies,Africa,WH 10,Cairo,Sea,93,179.21,16666.53,9.71,14,931,Delivered,2924.13
100438,6/25/2025,6/28/2025,7/17/2025,C9368,North America,Canada,P62409,Storage Cabinet,Furniture,S317,Pioneer Distribution,Asia,WH 02,Lahore,Sea,173,200.15,34625.95,11.17,19,574,Delayed,5724.03
100439,10/1/2024,10/2/2024,10/5/2024,C3880,Middle East,Saudi Arabia,P96807,Study Table,Furniture,S645,Summit Supply Co,Europe,WH 09,Johannesburg,Air,318,75.12,23888.16,49.12,3,1603,Delivered,4905.88
100440,9/15/2024,9/16/2024,9/25/2024,C4326,Middle East,Qatar,P13659,Storage Cabinet,Furniture,S997,Pioneer Distribution,North America,WH 10,Cairo,Road,468,270.46,126575.28,25.74,9,1331,Cancelled,-93.01
100441,5/30/2024,6/4/2024,6/8/2024,C4044,Middle East,Qatar,P85148,Shampoo Pack,FMCG,S616,Zenith Procurement,Africa,WH 04,Istanbul,Air,468,45.47,21279.96,58.84,4,3192,Delivered,3342.68
100442,2/9/2024,2/12/2024,2/16/2024,C4823,North America,United States,P58867,Storage Cabinet,Furniture,S952,Zenith Procurement,Africa,WH 04,Istanbul,Road,207,186.99,38706.93,18.34,4,2108,Delivered,10791.8
100443,8/24/2024,8/28/2024,9/7/2024,C3508,Asia,India,P63910,Snack Carton,FMCG,S734,Summit Supply Co,Asia,WH 04,Istanbul,Sea,153,20.38,3118.14,8.01,10,554,Delivered,-40.13
100444,12/22/2024,12/22/2024,1/3/2025,C3803,North America,United States,P21957,Toothpaste Box,FMCG,S383,Vertex Manufacturing,North America,WH 06,Amsterdam,Rail,321,10.43,3348.03,13.7,12,2829,Delivered,563.41
100445,8/12/2025,8/14/2025,8/21/2025,C1544,North America,Mexico,P38742,First Aid Kit,Healthcare,S667,Vertex Manufacturing,Europe,WH 08,Chicago,Road,114,70.76,8066.64,15.71,7,967,In Transit,796.01
100446,8/8/2024,8/10/2024,8/13/2024,C4985,Europe,Spain,P39475,Bluetooth Speaker,Electronics,S380,Orion Supplies,Europe,WH 10,Cairo,Air,224,207.11,46392.64,31.87,3,1493,Delivered,9203.54
100447,5/24/2025,5/24/2025,6/9/2025,C2997,Asia,Indonesia,P84499,Office Chair,Furniture,S960,Zenith Procurement,Africa,WH 04,Istanbul,Sea,434,81.34,35301.56,15.93,16,483,Delivered,4550.44
100448,5/27/2025,5/28/2025,6/7/2025,C5951,North America,Mexico,P38333,Snack Carton,FMCG,S269,Orion Supplies,Asia,WH 03,Dubai,Sea,255,11.83,3016.65,12.67,10,4956,Delivered,168.55
100449,7/17/2024,7/18/2024,7/28/2024,C1246,Asia,Vietnam,P12429,Hand Sanitizer Case,Healthcare,S338,BlueRiver Trading,North America,WH 07,Toronto,Sea,424,69.53,29480.72,15.75,10,2807,Delivered,5535.2
100450,3/20/2024,3/20/2024,3/25/2024,C5573,North America,Canada,P25339,Denim Jeans,Apparel,S519,Crescent Logistics,Middle East,WH 08,Chicago,Road,204,86.69,17684.76,18.26,5,3051,Delivered,3259.99
100451,4/13/2025,4/16/2025,4/20/2025,C4317,Europe,Poland,P54980,Thermometer,Healthcare,S183,Zenith Procurement,Europe,WH 10,Cairo,Air,216,75.46,16299.36,31.49,4,364,Delivered,2888.2
100452,2/14/2024,2/15/2024,3/9/2024,C1867,Middle East,Qatar,P89315,Denim Jeans,Apparel,S919,Crescent Logistics,Asia,WH 10,Cairo,Sea,28,61.88,1732.64,8.53,23,3228,Cancelled,-206.93
100453,2/24/2024,2/25/2024,3/9/2024,C1452,Africa,South Africa,P54921,Detergent Bag,FMCG,S493,Zenith Procurement,Africa,WH 04,Istanbul,Rail,19,36.94,701.86,8.26,13,1767,Delivered,38.21
100454,3/18/2024,3/22/2024,3/30/2024,C4129,Middle East,Saudi Arabia,P25032,T Shirt Bundle,Apparel,S673,Atlas Sourcing,North America,WH 06,Amsterdam,Road,488,55.58,27123.04,26.31,8,1851,Delivered,5734.27
100455,8/31/2025,9/5/2025,9/27/2025,C4875,Asia,Vietnam,P91515,Sportswear Set,Apparel,S365,Orion Supplies,North America,WH 04,Istanbul,Sea,104,107.62,11192.48,9.91,22,1046,Delivered,2991.67
100456,1/6/2025,1/9/2025,1/24/2025,C9347,Asia,Bangladesh,P93732,T Shirt Bundle,Apparel,S629,Orion Supplies,Asia,WH 07,Toronto,Sea,440,41.08,18075.2,11.88,15,1778,Delivered,3919.94
100457,8/14/2024,8/14/2024,8/25/2024,C5332,Middle East,Saudi Arabia,P24390,Floor Lamp,Furniture,S535,Evergreen Partners,North America,WH 09,Johannesburg,Rail,181,66.96,12119.76,15.09,11,1257,Delivered,2088.66
100458,8/21/2025,8/21/2025,8/25/2025,C7354,Asia,Vietnam,P84231,Storage Cabinet,Furniture,S217,Atlas Sourcing,Europe,WH 08,Chicago,Rail,200,229.16,45832,15.55,4,364,In Transit,7373.54
100459,9/3/2025,9/5/2025,9/7/2025,C6585,Asia,Bangladesh,P31876,Wireless Earbuds,Electronics,S857,Nova Industrial,Asia,WH 02,Lahore,Road,260,152.32,39603.2,14.7,2,1624,Delivered,8573.01
100460,7/22/2024,7/25/2024,7/30/2024,C9498,Europe,Spain,P61012,Shampoo Pack,FMCG,S245,Summit Supply Co,Asia,WH 06,Amsterdam,Air,435,49.56,21558.6,56.7,5,1079,Delivered,2828.31
100461,10/14/2024,10/17/2024,10/29/2024,C1919,Asia,Malaysia,P44812,Detergent Bag,FMCG,S518,Evergreen Partners,Europe,WH 01,Karachi,Rail,223,40.85,9109.55,16.11,12,1399,Delivered,1328.26
100462,1/13/2025,1/15/2025,1/23/2025,C8194,North America,United States,P81387,Bottled Water Case,FMCG,S629,Summit Supply Co,Africa,WH 05,Frankfurt,Road,176,44.26,7789.76,17.46,8,2775,Delivered,1040.38
100463,5/22/2025,5/27/2025,5/30/2025,C7856,North America,United States,P41213,Bluetooth Speaker,Electronics,S299,Evergreen Partners,Africa,WH 09,Johannesburg,Air,264,293.84,77573.76,45.62,3,643,Delivered,15886.31
100464,2/12/2025,2/15/2025,2/20/2025,C5911,Europe,Germany,P23180,T Shirt Bundle,Apparel,S777,Evergreen Partners,Asia,WH 05,Frankfurt,Rail,320,15.42,4934.4,18.47,5,237,Delivered,522.26
100465,9/11/2025,9/12/2025,9/25/2025,C6003,Europe,Germany,P67190,Smart Watch,Electronics,S757,Crescent Logistics,North America,WH 02,Lahore,Rail,459,233.44,107148.96,21.85,13,1039,Delivered,11764.2
100466,5/17/2025,5/18/2025,5/27/2025,C4250,Asia,Bangladesh,P18061,Floor Lamp,Furniture,S517,Pioneer Distribution,North America,WH 02,Lahore,Rail,53,253.03,13410.59,11.98,9,375,Delivered,2064.17
100467,3/14/2024,3/16/2024,3/28/2024,C9879,Europe,Italy,P85020,Bookshelf,Furniture,S475,Crescent Logistics,Middle East,WH 01,Karachi,Rail,331,78.95,26132.45,18.74,12,1602,Delayed,6296.23
100468,12/31/2025,1/4/2026,1/7/2026,C4557,Middle East,Oman,P79123,Denim Jeans,Apparel,S251,Nova Industrial,Africa,WH 01,Karachi,Air,452,56.02,25321.04,57.8,3,2521,In Transit,4079.17
100469,9/11/2025,9/11/2025,10/5/2025,C1845,Asia,Pakistan,P73749,Socks Pack,Apparel,S884,Evergreen Partners,Africa,WH 04,Istanbul,Sea,429,44.41,19051.89,15.84,24,504,Delayed,5672.84
100470,3/6/2024,3/9/2024,3/16/2024,C3486,Middle East,Turkey,P18418,Storage Cabinet,Furniture,S543,Pioneer Distribution,Africa,WH 04,Istanbul,Road,451,345.01,155599.51,25.26,7,1654,Delivered,24252.27
100471,9/24/2024,9/28/2024,10/9/2024,C7183,North America,United States,P13407,Office Chair,Furniture,S739,Summit Supply Co,Africa,WH 09,Johannesburg,Rail,182,40.64,7396.48,15.11,11,566,Delivered,1078.57
100472,4/25/2024,4/26/2024,5/12/2024,C5934,Asia,Vietnam,P13880,Study Table,Furniture,S546,Crescent Logistics,Europe,WH 04,Istanbul,Sea,425,242.27,102964.75,15.76,16,2019,Delayed,21466.47
100473,7/10/2025,7/12/2025,7/27/2025,C6210,Asia,Malaysia,P63997,Power Bank,Electronics,S169,Atlas Sourcing,Europe,WH 10,Cairo,Sea,175,375.1,65642.5,11.21,15,263,Delivered,5596.36
100474,2/18/2024,2/21/2024,2/22/2024,C8406,North America,Mexico,P36756,Bluetooth Speaker,Electronics,S885,Evergreen Partners,Africa,WH 07,Toronto,Air,175,93.25,16318.75,39.85,1,1551,Delivered,1943.13
100475,9/26/2025,9/29/2025,10/1/2025,C1821,North America,Mexico,P66677,Office Chair,Furniture,S262,Vertex Manufacturing,Africa,WH 09,Johannesburg,Air,107,311.91,33374.37,35.45,2,1982,Delivered,4539.3
100476,6/29/2024,7/3/2024,7/10/2024,C4933,Asia,Malaysia,P13385,Toothpaste Box,FMCG,S592,Vertex Manufacturing,Africa,WH 10,Cairo,Rail,420,14.89,6253.8,20.9,7,1882,Delivered,1058.43
100477,8/11/2024,8/12/2024,8/16/2024,C9540,Asia,Indonesia,P47500,Wireless Earbuds,Electronics,S278,Summit Supply Co,North America,WH 07,Toronto,Road,48,449.09,21556.32,13.83,4,1076,Delivered,3685.04
100478,7/21/2024,7/23/2024,7/24/2024,C7878,Middle East,Oman,P27509,Thermometer,Healthcare,S145,Pioneer Distribution,Asia,WH 03,Dubai,Air,75,13.35,1001.25,33.37,1,4242,Delivered,151.17
100479,10/17/2024,10/20/2024,10/21/2024,C8653,Middle East,Saudi Arabia,P84323,Thermometer,Healthcare,S802,Evergreen Partners,Asia,WH 07,Toronto,Air,60,15.96,957.6,32.4,1,4421,Delivered,25.2
100480,7/6/2024,7/11/2024,7/16/2024,C4185,Europe,Germany,P41819,Bookshelf,Furniture,S775,Zenith Procurement,Asia,WH 06,Amsterdam,Air,94,60.48,5685.12,34.6,5,738,Delivered,1390.67
100481,12/11/2024,12/16/2024,12/26/2024,C5366,North America,Canada,P98719,Office Chair,Furniture,S356,Atlas Sourcing,Europe,WH 05,Frankfurt,Air,153,225.28,34467.84,38.43,10,997,Delivered,9519.17
100482,3/13/2025,3/15/2025,3/24/2025,C9186,North America,Canada,P96373,Storage Cabinet,Furniture,S273,BlueRiver Trading,Europe,WH 08,Chicago,Rail,226,311.91,70491.66,16.18,9,1682,Delivered,9591.88
100483,3/23/2025,3/26/2025,4/12/2025,C1604,Middle East,Oman,P71192,Hand Sanitizer Case,Healthcare,S370,Orion Supplies,Africa,WH 03,Dubai,Sea,103,70.05,7215.15,9.9,17,4075,Delivered,548.63
100484,4/2/2024,4/7/2024,4/14/2024,C5468,North America,Mexico,P86000,Face Mask Box,Healthcare,S604,Crescent Logistics,Africa,WH 10,Cairo,Road,82,31.29,2565.78,14.8,7,2196,Cancelled,-149.38
100485,12/27/2025,12/31/2025,1/6/2026,C1282,Europe,France,P76617,Shampoo Pack,FMCG,S913,Atlas Sourcing,Asia,WH 08,Chicago,Road,331,35.43,11727.33,21.86,6,3270,Delivered,845.18
100486,3/7/2024,3/12/2024,3/19/2024,C4670,North America,Mexico,P12251,Snack Carton,FMCG,S761,Zenith Procurement,Middle East,WH 09,Johannesburg,Road,302,27.38,8268.76,21.04,7,4931,Delivered,730.1
100487,9/19/2025,9/23/2025,10/5/2025,C5141,Asia,China,P33350,Smart Watch,Electronics,S430,Zenith Procurement,Middle East,WH 10,Cairo,Rail,225,151.8,34155,16.16,12,1565,Delivered,2786.28
100488,6/19/2025,6/22/2025,6/29/2025,C3063,Europe,Sweden,P76830,Storage Cabinet,Furniture,S860,Summit Supply Co,North America,WH 06,Amsterdam,Rail,491,224.04,110003.64,22.62,7,1803,Delivered,20314.35
100489,4/26/2025,4/26/2025,5/19/2025,C4787,North America,Mexico,P21801,Wireless Earbuds,Electronics,S260,Orion Supplies,Middle East,WH 01,Karachi,Sea,366,429.45,157178.7,14.69,23,1075,Delayed,16272.94
100490,5/12/2025,5/16/2025,5/29/2025,C2356,Africa,Kenya,P62224,Toothpaste Box,FMCG,S287,Atlas Sourcing,North America,WH 07,Toronto,Sea,65,8.2,533,9.2,13,2383,Delivered,46.76
100491,10/1/2025,10/3/2025,10/10/2025,C2132,Asia,Malaysia,P48259,Toothpaste Box,FMCG,S456,Vertex Manufacturing,Asia,WH 04,Istanbul,Road,190,29.52,5608.8,13.23,7,2415,Delivered,525.37
100492,6/17/2025,6/18/2025,6/23/2025,C8979,Africa,Nigeria,P56694,Sportswear Set,Apparel,S658,Evergreen Partners,North America,WH 08,Chicago,Air,48,21.3,1022.4,31.62,5,751,Delivered,187.07
100493,7/14/2025,7/18/2025,7/20/2025,C1237,Europe,Spain,P41629,Socks Pack,Apparel,S158,Vertex Manufacturing,Middle East,WH 10,Cairo,Air,362,118.42,42868.04,51.97,2,3068,Delivered,11839.99
100494,10/23/2024,10/25/2024,10/31/2024,C6507,Asia,Indonesia,P96155,Socks Pack,Apparel,S640,Vertex Manufacturing,Africa,WH 05,Frankfurt,Road,400,33.95,13580,23.81,6,1185,Delivered,3876.85
100495,3/9/2024,3/13/2024,3/15/2024,C5067,Asia,Malaysia,P69025,Wireless Earbuds,Electronics,S108,Nova Industrial,North America,WH 05,Frankfurt,Air,71,415.76,29518.96,33.11,2,1187,Delivered,3391.13
100496,6/5/2024,6/9/2024,6/13/2024,C6560,North America,United States,P46784,Detergent Bag,FMCG,S271,Atlas Sourcing,Asia,WH 10,Cairo,Air,240,15.58,3739.2,44.06,4,1593,Delivered,35.6
100497,9/11/2024,9/14/2024,9/29/2024,C8141,North America,Mexico,P67804,Shampoo Pack,FMCG,S807,Pioneer Distribution,North America,WH 05,Frankfurt,Rail,384,34.83,13374.72,14.83,15,1415,Delayed,799.89
100498,1/8/2025,1/12/2025,1/26/2025,C5674,Middle East,Oman,P44929,Router,Electronics,S303,Vertex Manufacturing,Europe,WH 06,Amsterdam,Rail,38,378.22,14372.36,11.62,14,746,Delayed,1324.35
100499,5/29/2025,6/3/2025,6/16/2025,C2164,Africa,Egypt,P25078,Socks Pack,Apparel,S399,Nova Industrial,Europe,WH 09,Johannesburg,Sea,172,100.29,17249.88,11.15,13,1566,Cancelled,-184.59
100500,2/16/2024,2/17/2024,3/13/2024,C2645,North America,United States,P56660,Study Table,Furniture,S157,Nova Industrial,Africa,WH 03,Dubai,Sea,115,259.66,29860.9,10.11,25,817,Delivered,7170.11
100501,3/29/2025,4/3/2025,4/6/2025,C3073,Asia,India,P59464,Denim Jeans,Apparel,S225,Nova Industrial,Middle East,WH 06,Amsterdam,Air,417,57.53,23990.01,55.53,3,960,Delivered,6247.17
100502,6/6/2025,6/7/2025,6/9/2025,C3147,North America,Mexico,P48445,Sportswear Set,Apparel,S655,BlueRiver Trading,Middle East,WH 01,Karachi,Air,287,40.49,11620.63,47.11,2,2163,Delivered,2825.59
100503,9/20/2024,9/21/2024,10/1/2024,C8282,Middle East,Saudi Arabia,P91171,Vitamin Pack,Healthcare,S587,Evergreen Partners,Africa,WH 05,Frankfurt,Road,290,62.48,18119.2,20.7,10,4167,In Transit,1294.69
100504,12/2/2025,12/4/2025,12/14/2025,C5264,Asia,Vietnam,P50736,Toothpaste Box,FMCG,S328,Atlas Sourcing,North America,WH 07,Toronto,Rail,476,17.11,8144.36,22.26,10,827,Delivered,608.11
100505,11/19/2025,11/20/2025,11/28/2025,C6738,Europe,Italy,P97904,Shampoo Pack,FMCG,S846,Pioneer Distribution,North America,WH 03,Dubai,Rail,27,14.19,383.13,11.35,8,1097,Delivered,33.08
100506,2/25/2025,2/26/2025,2/27/2025,C1677,Asia,Pakistan,P75641,Bookshelf,Furniture,S315,Atlas Sourcing,Europe,WH 10,Cairo,Air,155,221.73,34368.15,38.56,1,1145,Delivered,4534.77
100507,7/4/2024,7/9/2024,8/1/2024,C5869,Middle East,United Arab Emirates,P60713,Detergent Bag,FMCG,S751,Evergreen Partners,Middle East,WH 07,Toronto,Sea,108,33.67,3636.36,7.4,23,1243,In Transit,468.91
100508,5/15/2025,5/17/2025,5/29/2025,C8064,Middle East,Oman,P55836,Bluetooth Speaker,Electronics,S325,Summit Supply Co,Europe,WH 06,Amsterdam,Rail,60,423.71,25422.6,12.15,12,852,In Transit,5525.93
100509,3/7/2025,3/7/2025,3/13/2025,C6579,North America,Mexico,P96148,Shampoo Pack,FMCG,S934,Orion Supplies,Europe,WH 04,Istanbul,Road,148,18.02,2666.96,16.67,6,1264,In Transit,259.76
100510,10/23/2024,10/24/2024,10/29/2024,C4170,North America,United States,P68773,Power Bank,Electronics,S455,Summit Supply Co,Africa,WH 05,Frankfurt,Air,148,327.04,48401.92,38.1,5,1247,Delivered,4115.67
100511,10/25/2024,10/26/2024,11/5/2024,C1754,Asia,Vietnam,P35345,Wireless Earbuds,Electronics,S763,Nova Industrial,Middle East,WH 09,Johannesburg,Sea,224,449.21,100623.04,12.1,10,1616,Delivered,10287
100512,10/30/2024,10/30/2024,11/4/2024,C2416,Middle East,Saudi Arabia,P83302,Sportswear Set,Apparel,S248,Zenith Procurement,Europe,WH 03,Dubai,Air,258,22.73,5864.34,45.23,5,432,Delivered,1446.47
100513,3/4/2025,3/4/2025,3/23/2025,C1075,Asia,India,P96246,Toothpaste Box,FMCG,S815,Atlas Sourcing,Asia,WH 10,Cairo,Rail,459,14.04,6444.36,16.18,19,3073,Delayed,429.9
100514,3/9/2024,3/11/2024,3/31/2024,C4998,Asia,Bangladesh,P84400,Power Bank,Electronics,S522,Nova Industrial,Africa,WH 10,Cairo,Sea,103,215.87,22234.61,9.9,20,164,In Transit,1016.14
100515,1/2/2024,1/6/2024,1/12/2024,C3739,Africa,South Africa,P33806,Bluetooth Speaker,Electronics,S416,Orion Supplies,Asia,WH 07,Toronto,Road,47,320.26,15052.22,13.81,6,1610,Delivered,2213.03
100516,5/27/2025,5/29/2025,6/6/2025,C8727,Middle East,United Arab Emirates,P43688,Hand Sanitizer Case,Healthcare,S924,Pioneer Distribution,Europe,WH 04,Istanbul,Rail,380,60.73,23077.4,19.93,8,3877,Delivered,2355.1
100517,1/21/2025,1/24/2025,1/30/2025,C4543,North America,Canada,P54135,Router,Electronics,S857,Nova Industrial,Africa,WH 10,Cairo,Road,170,111.66,18982.2,17.29,6,261,In Transit,2612.08
100518,7/4/2025,7/4/2025,7/27/2025,C1727,Middle East,United Arab Emirates,P31359,Thermometer,Healthcare,S914,BlueRiver Trading,North America,WH 02,Lahore,Sea,181,18.57,3361.17,11.32,23,2937,Delivered,568.68
100519,11/20/2024,11/25/2024,12/5/2024,C6424,Middle East,Saudi Arabia,P30625,First Aid Kit,Healthcare,S874,Nova Industrial,Africa,WH 04,Istanbul,Road,13,56.67,736.71,12.84,10,4355,Delivered,49.93
100520,3/19/2024,3/19/2024,3/20/2024,C9592,Middle East,Qatar,P37626,Shampoo Pack,FMCG,S285,Summit Supply Co,Middle East,WH 04,Istanbul,Air,407,28.82,11729.74,40.66,1,2813,Delivered,1837.06
100521,6/13/2025,6/13/2025,6/17/2025,C8799,North America,United States,P18804,Bluetooth Speaker,Electronics,S645,BlueRiver Trading,Asia,WH 10,Cairo,Rail,93,277.4,25798.2,12.95,4,891,Delivered,3152.85
100522,8/9/2024,8/9/2024,8/19/2024,C2447,Europe,Germany,P53005,Vitamin Pack,Healthcare,S623,BlueRiver Trading,North America,WH 04,Istanbul,Rail,300,44.68,13404,17.98,10,3961,Delivered,1241.68
100523,10/9/2024,10/12/2024,10/24/2024,C5532,North America,Canada,P14924,Office Chair,Furniture,S358,BlueRiver Trading,Europe,WH 01,Karachi,Rail,477,280.52,133808.04,22.28,12,1042,Delivered,35668.64
100524,8/24/2024,8/25/2024,8/26/2024,C4253,North America,Mexico,P13782,Sportswear Set,Apparel,S913,BlueRiver Trading,Asia,WH 01,Karachi,Air,264,89.5,23628,45.62,1,1140,Delivered,3581.41
100525,2/23/2025,2/24/2025,3/5/2025,C3072,Europe,Poland,P41007,Snack Carton,FMCG,S727,Zenith Procurement,Middle East,WH 10,Cairo,Road,347,10.73,3723.31,22.31,9,3408,Delivered,642.62
100526,3/26/2024,3/28/2024,4/6/2024,C4870,Asia,Bangladesh,P54527,Denim Jeans,Apparel,S199,BlueRiver Trading,Middle East,WH 07,Toronto,Air,487,43.01,20945.87,60.07,9,545,Delivered,2875.34
100527,9/10/2025,9/11/2025,9/16/2025,C9405,North America,Canada,P62389,Floor Lamp,Furniture,S890,Crescent Logistics,Asia,WH 03,Dubai,Rail,68,288.57,19622.76,12.34,5,892,Delivered,4666.91
100528,9/30/2024,10/5/2024,10/11/2024,C4554,Europe,Germany,P88218,Storage Cabinet,Furniture,S802,Pioneer Distribution,Africa,WH 08,Chicago,Road,373,207.47,77386.31,23.05,6,1766,Delivered,17682.59
100529,6/19/2024,6/21/2024,7/16/2024,C4771,Africa,Egypt,P84099,Socks Pack,Apparel,S579,Orion Supplies,Europe,WH 08,Chicago,Sea,315,90.29,28441.35,13.76,25,1242,Delivered,5147.82
100530,4/10/2024,4/14/2024,4/27/2024,C8111,Asia,Malaysia,P83970,Office Chair,Furniture,S852,BlueRiver Trading,North America,WH 06,Amsterdam,Rail,346,299.3,103557.8,19.1,13,1591,Delivered,15238.09
100531,2/2/2025,2/6/2025,2/8/2025,C3269,Africa,Morocco,P96669,First Aid Kit,Healthcare,S527,Zenith Procurement,Africa,WH 09,Johannesburg,Road,167,73.82,12327.94,12.75,2,3253,In Transit,1261.81
100532,10/6/2024,10/11/2024,10/14/2024,C4285,Middle East,Saudi Arabia,P45863,Bookshelf,Furniture,S420,Evergreen Partners,Europe,WH 09,Johannesburg,Road,283,301.08,85205.64,20.5,3,1386,Delivered,10221.46
100533,4/14/2025,4/15/2025,4/19/2025,C4867,Asia,China,P86154,Detergent Bag,FMCG,S821,Pioneer Distribution,Middle East,WH 03,Dubai,Road,215,23.1,4966.5,18.57,4,2627,Delivered,676.87
100534,4/9/2024,4/13/2024,4/15/2024,C5381,Middle East,Qatar,P29558,Snack Carton,FMCG,S162,Nova Industrial,Asia,WH 09,Johannesburg,Road,184,5.69,1046.96,17.69,2,3378,Delivered,84.57
100535,4/6/2025,4/10/2025,4/21/2025,C6609,Africa,Egypt,P61153,Study Table,Furniture,S463,BlueRiver Trading,Middle East,WH 08,Chicago,Sea,121,195.99,23714.79,10.22,11,1815,Delivered,3497.67
100536,8/17/2025,8/20/2025,9/3/2025,C2724,Asia,Vietnam,P12413,Floor Lamp,Furniture,S389,Zenith Procurement,Asia,WH 08,Chicago,Rail,371,266.06,98708.26,14.6,14,1377,Delivered,4374.62
100537,2/6/2025,2/8/2025,2/22/2025,C8314,Asia,Malaysia,P73230,Office Chair,Furniture,S383,Summit Supply Co,Africa,WH 01,Karachi,Road,222,248.66,55202.52,18.77,14,1791,Delayed,7669.68
100538,4/14/2024,4/15/2024,4/25/2024,C7906,Africa,Morocco,P40699,Socks Pack,Apparel,S320,Summit Supply Co,Europe,WH 08,Chicago,Road,388,48.5,18818,23.47,10,862,Delivered,5002.97
100539,12/12/2025,12/16/2025,12/20/2025,C8173,North America,United States,P31630,Bottled Water Case,FMCG,S203,Zenith Procurement,Africa,WH 10,Cairo,Air,246,30.32,7458.72,44.45,4,809,Delivered,747.48
100540,9/1/2025,9/1/2025,9/12/2025,C2777,North America,Mexico,P60374,Office Chair,Furniture,S562,BlueRiver Trading,Europe,WH 01,Karachi,Rail,446,347.71,155078.66,21.53,11,1827,Delivered,20653.75
100541,10/28/2024,11/2/2024,11/5/2024,C9998,North America,Mexico,P38906,Socks Pack,Apparel,S774,Summit Supply Co,North America,WH 02,Lahore,Air,58,28,1624,23.9,3,1309,Delivered,257.81
100542,9/29/2024,9/29/2024,10/4/2024,C2824,Europe,Spain,P20683,Bottled Water Case,FMCG,S212,BlueRiver Trading,North America,WH 10,Cairo,Road,486,30.29,14720.94,26.25,5,2021,In Transit,1892.67
100543,3/5/2024,3/8/2024,3/26/2024,C1968,Europe,Germany,P10368,Study Table,Furniture,S332,Pioneer Distribution,Europe,WH 06,Amsterdam,Sea,204,251.61,51328.44,8.69,18,970,Delivered,9323.79
100544,2/22/2024,2/23/2024,3/2/2024,C7528,Middle East,United Arab Emirates,P90771,Vitamin Pack,Healthcare,S352,Pioneer Distribution,Middle East,WH 10,Cairo,Road,295,62.52,18443.4,15.43,8,3050,Delivered,3252.5
100545,3/20/2024,3/25/2024,4/16/2024,C4641,Middle East,United Arab Emirates,P97132,Vitamin Pack,Healthcare,S291,Summit Supply Co,Middle East,WH 10,Cairo,Sea,112,50.49,5654.88,7.45,22,1073,Delivered,1090.46
100546,11/28/2024,12/1/2024,12/13/2024,C7273,Africa,Kenya,P81820,First Aid Kit,Healthcare,S514,Crescent Logistics,Asia,WH 07,Toronto,Rail,102,29.07,2965.14,13.17,12,2179,Delivered,388.56
100547,5/19/2024,5/23/2024,5/24/2024,C8903,Africa,Egypt,P38527,Storage Cabinet,Furniture,S369,Atlas Sourcing,North America,WH 07,Toronto,Air,356,202.99,72264.44,51.58,1,1064,Delivered,18189.24
100548,12/28/2024,1/2/2025,1/7/2025,C4370,North America,Canada,P48744,Toothpaste Box,FMCG,S470,Evergreen Partners,Africa,WH 09,Johannesburg,Air,108,45.14,4875.12,35.51,5,721,Delivered,376.9
100549,8/20/2025,8/25/2025,8/26/2025,C3384,Africa,Nigeria,P59961,First Aid Kit,Healthcare,S303,Atlas Sourcing,Europe,WH 10,Cairo,Air,377,54.04,20373.08,52.94,1,3938,Delivered,2540.11
100550,7/29/2025,7/31/2025,8/5/2025,C7671,North America,Mexico,P48032,Toothpaste Box,FMCG,S307,Summit Supply Co,Africa,WH 06,Amsterdam,Air,28,28.52,798.56,30.33,5,4561,Delivered,87.26
100551,3/19/2025,3/22/2025,3/30/2025,C5009,North America,Mexico,P56936,Storage Cabinet,Furniture,S202,Vertex Manufacturing,Middle East,WH 09,Johannesburg,Road,411,287.17,118026.87,24.13,8,567,Delivered,15238.88
100552,6/30/2024,6/30/2024,7/5/2024,C4928,Middle East,United Arab Emirates,P40815,Vitamin Pack,Healthcare,S993,Orion Supplies,Middle East,WH 03,Dubai,Air,355,22.83,8104.65,38.16,5,2226,Delivered,608.75
100553,5/12/2024,5/12/2024,5/19/2024,C3835,Asia,India,P78274,Denim Jeans,Apparel,S433,Nova Industrial,North America,WH 03,Dubai,Road,48,25.84,1240.32,13.83,7,311,Delivered,125.98
100554,2/3/2024,2/4/2024,2/19/2024,C7461,North America,United States,P38205,Vitamin Pack,Healthcare,S923,Zenith Procurement,Middle East,WH 02,Lahore,Road,144,13.12,1889.28,16.56,15,2948,Delayed,125.78
100555,2/13/2024,2/16/2024,3/10/2024,C5607,Africa,Egypt,P13985,Detergent Bag,FMCG,S144,Nova Industrial,Asia,WH 07,Toronto,Sea,117,21.05,2462.85,10.15,23,4201,Delivered,323.65
100556,1/13/2025,1/13/2025,1/18/2025,C5647,Middle East,Qatar,P96338,Vitamin Pack,Healthcare,S693,Orion Supplies,North America,WH 04,Istanbul,Rail,190,59.05,11219.5,15.31,5,4378,Delivered,1161.68
100557,11/13/2025,11/13/2025,11/17/2025,C1877,Europe,Poland,P94790,Socks Pack,Apparel,S228,Summit Supply Co,Africa,WH 04,Istanbul,Rail,58,116.26,6743.08,12.1,4,442,Delivered,858.06
100558,8/27/2025,9/1/2025,9/20/2025,C4863,North America,Canada,P98074,Shampoo Pack,FMCG,S428,Crescent Logistics,Europe,WH 09,Johannesburg,Sea,21,34.63,727.23,8.4,19,3823,Delayed,114.48
100559,8/16/2024,8/16/2024,8/19/2024,C8869,Middle East,United Arab Emirates,P66862,Bookshelf,Furniture,S997,Summit Supply Co,North America,WH 03,Dubai,Road,368,344.04,126606.72,22.91,3,2172,Delivered,24725.13
100560,2/26/2025,3/2/2025,3/16/2025,C6755,Africa,Nigeria,P46370,Wireless Earbuds,Electronics,S713,Pioneer Distribution,Europe,WH 01,Karachi,Sea,401,388.23,155680.23,15.33,14,1011,Delivered,19546.65
100561,9/6/2025,9/8/2025,9/23/2025,C1358,North America,Mexico,P48674,Router,Electronics,S423,Nova Industrial,Middle East,WH 10,Cairo,Sea,195,438.52,85511.4,11.57,15,214,Delivered,18552.69
100562,7/11/2024,7/13/2024,7/15/2024,C5234,Asia,Vietnam,P56412,Socks Pack,Apparel,S968,Atlas Sourcing,Europe,WH 09,Johannesburg,Air,349,42.41,14801.09,51.13,2,2663,Cancelled,-10.38
100563,10/18/2025,10/23/2025,11/2/2025,C2877,Africa,Kenya,P97700,Storage Cabinet,Furniture,S816,Summit Supply Co,Middle East,WH 02,Lahore,Road,127,159.8,20294.6,16.07,10,715,In Transit,2674.21
100564,5/28/2024,6/2/2024,6/6/2024,C1519,Europe,France,P64615,Hoodie,Apparel,S486,Zenith Procurement,North America,WH 04,Istanbul,Air,482,82.83,39924.06,59.75,4,3287,In Transit,9275.73
100565,3/31/2024,4/4/2024,4/8/2024,C9780,Africa,South Africa,P82090,Wireless Earbuds,Electronics,S476,Pioneer Distribution,Europe,WH 10,Cairo,Rail,393,129.11,50740.23,20.24,4,800,Delivered,6811.71
100566,1/12/2024,1/15/2024,2/5/2024,C1400,Asia,China,P29239,Sportswear Set,Apparel,S276,BlueRiver Trading,Middle East,WH 05,Frankfurt,Sea,350,75.6,26460,14.4,21,2025,Delivered,5143.82
100567,3/29/2025,4/1/2025,4/5/2025,C1022,Asia,Indonesia,P85930,Socks Pack,Apparel,S285,Summit Supply Co,Middle East,WH 08,Chicago,Air,258,37.26,9613.08,45.23,4,283,Delivered,2190.36
100568,3/19/2024,3/20/2024,3/29/2024,C9444,North America,Mexico,P64213,Snack Carton,FMCG,S345,Summit Supply Co,Asia,WH 02,Lahore,Road,236,29.34,6924.24,19.16,9,601,Delivered,950.75
100569,7/4/2025,7/6/2025,7/19/2025,C6920,Africa,Morocco,P64412,Bluetooth Speaker,Electronics,S245,Atlas Sourcing,Europe,WH 07,Toronto,Sea,434,309.36,134262.24,15.93,13,1737,Delivered,15534.61
100570,1/20/2025,1/25/2025,1/29/2025,C2079,Europe,Netherlands,P15322,Office Chair,Furniture,S882,Crescent Logistics,Asia,WH 08,Chicago,Road,118,318.57,37591.26,15.82,4,1211,Delivered,7087.07
100571,8/16/2025,8/19/2025,8/20/2025,C6991,Asia,Pakistan,P98147,Bluetooth Speaker,Electronics,S142,Crescent Logistics,North America,WH 09,Johannesburg,Air,163,118.41,19300.83,39.07,1,655,Delivered,2305.3
100572,4/11/2025,4/12/2025,4/18/2025,C5566,Africa,Kenya,P12196,Sportswear Set,Apparel,S187,Evergreen Partners,Middle East,WH 07,Toronto,Road,333,46.52,15491.16,21.91,6,939,Delivered,2392.06
100573,10/18/2024,10/22/2024,11/11/2024,C2231,North America,United States,P39377,Office Chair,Furniture,S435,Summit Supply Co,Asia,WH 10,Cairo,Rail,431,243.19,104814.89,21.17,20,996,Cancelled,-106.21
100574,2/11/2024,2/14/2024,2/22/2024,C7121,Africa,South Africa,P41629,Wireless Earbuds,Electronics,S815,Summit Supply Co,Asia,WH 05,Frankfurt,Road,440,170.58,75055.2,24.95,8,1489,Delivered,12934.11
100575,9/25/2025,9/26/2025,9/28/2025,C9934,Africa,South Africa,P43734,Sportswear Set,Apparel,S407,Evergreen Partners,Middle East,WH 01,Karachi,Air,100,43.3,4330,34.99,2,951,Delivered,1089.5
100576,12/21/2024,12/24/2024,1/4/2025,C1104,Europe,Netherlands,P44815,Toothpaste Box,FMCG,S249,Evergreen Partners,Africa,WH 05,Frankfurt,Rail,155,42.07,6520.85,14.46,11,598,Cancelled,-68.47
100577,4/8/2025,4/12/2025,5/7/2025,C1486,North America,Mexico,P33762,T Shirt Bundle,Apparel,S264,Summit Supply Co,Africa,WH 03,Dubai,Sea,134,75.57,10126.38,10.46,25,879,In Transit,2115.44
100578,8/26/2024,8/29/2024,9/4/2024,C2667,Asia,Pakistan,P87400,Thermometer,Healthcare,S501,Evergreen Partners,Africa,WH 09,Johannesburg,Road,262,27.53,7212.86,19.9,6,3447,Delivered,1019.65
100579,9/28/2025,9/29/2025,10/1/2025,C3440,North America,United States,P47563,Denim Jeans,Apparel,S722,Evergreen Partners,Africa,WH 03,Dubai,Road,280,119.97,33591.6,20.41,2,2010,Delivered,5383.19
100580,8/23/2024,8/23/2024,9/12/2024,C4262,Europe,France,P61259,Hand Sanitizer Case,Healthcare,S992,Atlas Sourcing,Asia,WH 03,Dubai,Sea,314,57.05,17913.7,13.74,20,2947,Delivered,3086.57
100581,1/14/2024,1/17/2024,1/22/2024,C2689,Africa,Egypt,P52531,Vitamin Pack,Healthcare,S659,Nova Industrial,Asia,WH 05,Frankfurt,Road,94,79.34,7457.96,15.14,5,3479,Delivered,785.42
100582,6/24/2025,6/25/2025,7/3/2025,C4878,Europe,Poland,P71716,Face Mask Box,Healthcare,S164,Zenith Procurement,North America,WH 03,Dubai,Road,280,33.91,9494.8,20.41,8,3409,Delivered,1708.07
100583,11/12/2024,11/13/2024,11/28/2024,C9974,Asia,Bangladesh,P20974,Vitamin Pack,Healthcare,S634,Atlas Sourcing,North America,WH 08,Chicago,Sea,118,16.04,1892.72,10.17,15,4137,Delivered,176.3
100584,5/2/2024,5/2/2024,5/14/2024,C7458,North America,Mexico,P45524,Socks Pack,Apparel,S809,Crescent Logistics,Africa,WH 10,Cairo,Rail,39,16,624,11.64,12,3241,Delivered,57.59
100585,1/21/2025,1/21/2025,1/25/2025,C9234,North America,Canada,P57965,Shampoo Pack,FMCG,S377,Zenith Procurement,Europe,WH 04,Istanbul,Air,335,15.53,5202.55,50.22,4,649,Delivered,667.17
100586,3/7/2025,3/8/2025,3/16/2025,C4401,North America,Canada,P56404,Snack Carton,FMCG,S213,Pioneer Distribution,Middle East,WH 08,Chicago,Rail,156,21.5,3354,14.48,8,1462,Delivered,552.07
100587,12/19/2024,12/20/2024,12/21/2024,C7902,North America,Canada,P17612,Vitamin Pack,Healthcare,S544,Crescent Logistics,Africa,WH 02,Lahore,Air,335,13.88,4649.8,50.22,1,2103,Delivered,692.25
100588,4/21/2025,4/23/2025,4/24/2025,C6247,Europe,Netherlands,P41385,Snack Carton,FMCG,S667,BlueRiver Trading,Asia,WH 01,Karachi,Air,287,44.28,12708.36,47.11,1,980,Delivered,1769.78
100589,12/6/2025,12/6/2025,12/10/2025,C3846,Africa,Morocco,P36708,Storage Cabinet,Furniture,S515,Atlas Sourcing,Asia,WH 09,Johannesburg,Road,191,141.87,27097.17,17.89,4,876,Delivered,4062.32
100590,6/4/2024,6/8/2024,6/12/2024,C3486,Africa,Morocco,P76691,Study Table,Furniture,S966,Zenith Procurement,Middle East,WH 04,Istanbul,Air,391,332.39,129964.49,53.85,4,892,Delivered,33050.36
100591,11/26/2024,11/30/2024,12/1/2024,C6393,Europe,Spain,P45233,Thermometer,Healthcare,S409,BlueRiver Trading,Middle East,WH 06,Amsterdam,Air,40,74.15,2966,31.1,1,4481,Delivered,339.15
100592,1/19/2024,1/22/2024,1/31/2024,C9130,Europe,Sweden,P60411,First Aid Kit,Healthcare,S953,Summit Supply Co,Europe,WH 08,Chicago,Road,474,30.47,14442.78,19.19,9,2768,Delivered,2827.78
100593,10/17/2024,10/21/2024,11/14/2024,C7791,Europe,Netherlands,P38314,First Aid Kit,Healthcare,S783,Pioneer Distribution,North America,WH 01,Karachi,Sea,433,16.11,6975.63,15.91,24,293,In Transit,663.07
100594,10/12/2025,10/16/2025,11/7/2025,C1076,Middle East,Saudi Arabia,P84495,Wireless Earbuds,Electronics,S509,Zenith Procurement,Europe,WH 01,Karachi,Sea,111,315.09,34974.99,10.04,22,600,Delivered,7428
100595,3/17/2025,3/20/2025,4/3/2025,C8737,Africa,Nigeria,P27276,Floor Lamp,Furniture,S467,Pioneer Distribution,Asia,WH 01,Karachi,Sea,93,62.44,5806.92,9.71,14,594,Delivered,899.58
100596,9/15/2025,9/16/2025,9/17/2025,C8923,Asia,China,P80658,Hand Sanitizer Case,Healthcare,S736,Nova Industrial,Africa,WH 09,Johannesburg,Air,277,80.78,22376.06,46.46,1,2424,Delivered,4300.7
100597,10/15/2024,10/20/2024,11/9/2024,C5945,Middle East,Oman,P78187,Socks Pack,Apparel,S609,BlueRiver Trading,Africa,WH 05,Frankfurt,Sea,288,102.68,29571.84,13.27,20,3027,Delivered,3391.22
100598,9/5/2024,9/10/2024,9/24/2024,C2725,Europe,Netherlands,P68328,Bookshelf,Furniture,S663,Zenith Procurement,Middle East,WH 08,Chicago,Rail,447,81.07,36238.29,21.55,14,1924,Delivered,9747.26
100599,12/8/2024,12/12/2024,12/27/2024,C6295,Africa,Kenya,P30460,Study Table,Furniture,S727,Atlas Sourcing,Asia,WH 09,Johannesburg,Road,326,114.62,37366.12,21.72,15,1204,Delayed,10013.37
100600,12/26/2024,12/27/2024,12/30/2024,C6606,Europe,France,P82302,Toothpaste Box,FMCG,S420,Zenith Procurement,Africa,WH 02,Lahore,Air,228,34.76,7925.28,43.29,3,1948,Delivered,751.88
100601,4/20/2024,4/24/2024,5/10/2024,C7265,Middle East,Qatar,P79672,Power Bank,Electronics,S266,Pioneer Distribution,Middle East,WH 04,Istanbul,Sea,419,134.69,56435.11,11.6,16,328,Cancelled,-27.59
100602,2/21/2024,2/21/2024,3/7/2024,C6310,Middle East,United Arab Emirates,P86850,Shampoo Pack,FMCG,S492,Crescent Logistics,Africa,WH 10,Cairo,Sea,150,32.17,4825.5,10.75,15,920,Delivered,76.75
100603,9/8/2025,9/9/2025,9/22/2025,C7507,Europe,Poland,P67745,Vitamin Pack,Healthcare,S705,Vertex Manufacturing,Europe,WH 01,Karachi,Sea,238,78.76,18744.88,9.15,13,467,Delivered,1346.83
100604,5/25/2025,5/25/2025,6/6/2025,C5784,North America,United States,P85008,Face Mask Box,Healthcare,S308,Vertex Manufacturing,Africa,WH 01,Karachi,Sea,290,44.7,12963,13.3,12,816,Delivered,1720.61
100605,10/15/2024,10/16/2024,10/17/2024,C2423,Asia,India,P39902,Storage Cabinet,Furniture,S957,Pioneer Distribution,Middle East,WH 03,Dubai,Air,440,249.9,109956,57.02,1,319,Delivered,21055.45
100606,3/12/2024,3/13/2024,3/24/2024,C3402,Middle East,Turkey,P73190,Detergent Bag,FMCG,S596,Crescent Logistics,Africa,WH 09,Johannesburg,Sea,337,24.46,8243.02,14.16,11,1209,Delivered,593.69
100607,12/11/2024,12/11/2024,12/15/2024,C2019,Europe,Poland,P54225,Sportswear Set,Apparel,S479,Vertex Manufacturing,Africa,WH 02,Lahore,Air,412,12.02,4952.24,55.21,4,2797,Delivered,477.63
100608,8/7/2025,8/10/2025,9/4/2025,C4088,Middle East,Oman,P89198,Shampoo Pack,FMCG,S527,Orion Supplies,Europe,WH 09,Johannesburg,Sea,147,31.66,4654.02,10.7,25,2089,Delivered,388.64
100609,7/22/2024,7/26/2024,8/5/2024,C4406,Europe,Netherlands,P31534,Smart Watch,Electronics,S234,Pioneer Distribution,Africa,WH 10,Cairo,Rail,67,319,21373,12.32,10,1595,Delivered,3852.92
100610,10/25/2024,10/29/2024,11/3/2024,C7475,Africa,Morocco,P93694,Bluetooth Speaker,Electronics,S492,Pioneer Distribution,Europe,WH 10,Cairo,Road,240,330.1,79224,19.28,5,141,Delivered,11774.12
100611,3/10/2025,3/11/2025,3/15/2025,C8741,Middle East,Turkey,P80641,Bookshelf,Furniture,S974,Orion Supplies,Africa,WH 07,Toronto,Road,475,127.63,60624.25,25.94,4,1657,Delivered,11967.4
100612,11/8/2024,11/12/2024,11/30/2024,C8436,Middle East,Oman,P96713,Socks Pack,Apparel,S230,Vertex Manufacturing,Asia,WH 07,Toronto,Sea,300,24.58,7374,13.49,18,2005,In Transit,1644.13
100613,4/5/2024,4/10/2024,5/3/2024,C1352,North America,Canada,P66095,Shampoo Pack,FMCG,S535,Nova Industrial,Africa,WH 09,Johannesburg,Sea,92,9.68,890.56,9.7,23,3328,Delivered,130.08
100614,1/24/2025,1/27/2025,2/8/2025,C1865,North America,United States,P21173,Bluetooth Speaker,Electronics,S637,Vertex Manufacturing,Africa,WH 02,Lahore,Rail,219,305.4,66882.6,16.01,12,1064,Delivered,11179.26
100615,8/12/2025,8/15/2025,8/24/2025,C9978,Middle East,Saudi Arabia,P10148,Sportswear Set,Apparel,S830,Zenith Procurement,Asia,WH 03,Dubai,Road,131,20.65,2705.15,16.19,9,2735,Delivered,501.09
100616,9/29/2024,10/2/2024,10/16/2024,C3377,Africa,Nigeria,P21672,Socks Pack,Apparel,S422,Evergreen Partners,Africa,WH 06,Amsterdam,Rail,120,29.34,3520.8,10.08,14,3310,Delivered,736.25
100617,11/24/2025,11/24/2025,11/29/2025,C4574,Middle East,Saudi Arabia,P32211,Storage Cabinet,Furniture,S908,Summit Supply Co,Middle East,WH 03,Dubai,Air,174,277.51,48286.74,29.47,5,1593,Delivered,10678.13
100618,9/5/2025,9/10/2025,9/11/2025,C5893,Africa,Morocco,P19476,Bookshelf,Furniture,S986,Nova Industrial,Africa,WH 06,Amsterdam,Air,232,166.06,38525.92,32.26,1,336,Delivered,10407.05
100619,1/23/2024,1/27/2024,2/7/2024,C1680,Europe,Sweden,P63450,Smart Watch,Electronics,S424,Pioneer Distribution,Europe,WH 02,Lahore,Rail,322,99.45,32022.9,13.72,11,376,Delivered,3645.22
100620,12/30/2024,12/31/2024,1/15/2025,C8939,Africa,Egypt,P89472,Socks Pack,Apparel,S145,Vertex Manufacturing,Asia,WH 03,Dubai,Sea,283,71.77,20310.91,13.18,15,2102,In Transit,4227.24
100621,2/29/2024,2/29/2024,3/6/2024,C3829,Asia,Vietnam,P35017,Smart Watch,Electronics,S316,Pioneer Distribution,Africa,WH 07,Toronto,Rail,408,437.56,178524.48,20.61,6,1791,Delivered,27556.18
100622,3/31/2024,4/1/2024,4/3/2024,C8928,Asia,Bangladesh,P24080,Snack Carton,FMCG,S846,BlueRiver Trading,Africa,WH 01,Karachi,Road,315,46.82,14748.3,21.4,2,4790,Delivered,264.87
100623,5/20/2024,5/20/2024,6/3/2024,C5725,Middle East,Turkey,P53205,Hand Sanitizer Case,Healthcare,S304,Vertex Manufacturing,Asia,WH 03,Dubai,Rail,223,74.08,16519.84,16.11,14,1081,Delivered,3063.75
100624,10/14/2024,10/15/2024,10/28/2024,C5593,Middle East,United Arab Emirates,P90720,Detergent Bag,FMCG,S159,Nova Industrial,Europe,WH 01,Karachi,Rail,406,39.13,15886.78,20.56,13,337,Delayed,989.73
100625,12/22/2024,12/22/2024,1/14/2025,C6167,Africa,Kenya,P10432,Wireless Earbuds,Electronics,S530,Atlas Sourcing,Asia,WH 03,Dubai,Sea,65,388.56,25256.4,9.2,23,118,Delivered,2238.5
100626,5/4/2025,5/5/2025,5/9/2025,C3460,North America,Canada,P47297,Sportswear Set,Apparel,S101,Evergreen Partners,Africa,WH 04,Istanbul,Road,338,24.19,8176.22,22.06,4,2129,Delivered,1891.13
100627,3/9/2025,3/11/2025,3/21/2025,C1976,Asia,Pakistan,P42813,Hand Sanitizer Case,Healthcare,S269,Summit Supply Co,Africa,WH 06,Amsterdam,Road,280,71.2,19936,20.41,10,446,Cancelled,-155.64
100628,3/5/2024,3/5/2024,3/9/2024,C4644,North America,United States,P91678,First Aid Kit,Healthcare,S705,Pioneer Distribution,Middle East,WH 10,Cairo,Air,316,23.89,7549.24,48.99,4,2308,Delivered,1042.28
100629,8/24/2024,8/26/2024,9/7/2024,C8939,North America,United States,P37610,Storage Cabinet,Furniture,S919,BlueRiver Trading,Africa,WH 02,Lahore,Road,256,337.78,86471.68,19.73,12,161,Delayed,21836.1
100630,1/17/2024,1/21/2024,1/24/2024,C2509,North America,United States,P99493,Hand Sanitizer Case,Healthcare,S216,Summit Supply Co,Africa,WH 05,Frankfurt,Air,52,71.74,3730.48,31.88,3,1772,In Transit,307.9
100631,5/26/2024,5/27/2024,5/31/2024,C3709,Middle East,Turkey,P40782,Study Table,Furniture,S603,Zenith Procurement,Middle East,WH 08,Chicago,Rail,165,180.69,29813.85,10.89,4,1494,Delivered,4302.09
100632,4/3/2025,4/7/2025,4/10/2025,C1071,Middle East,United Arab Emirates,P48314,T Shirt Bundle,Apparel,S737,Evergreen Partners,Europe,WH 04,Istanbul,Road,179,42.82,7664.78,17.55,3,2534,Delivered,1366.38
100633,7/19/2025,7/24/2025,7/26/2025,C5865,Middle East,Qatar,P45057,Thermometer,Healthcare,S302,Orion Supplies,North America,WH 04,Istanbul,Air,40,15.77,630.8,31.1,2,3351,Cancelled,-29.22
100634,11/18/2025,11/23/2025,11/27/2025,C9655,Asia,Malaysia,P48736,T Shirt Bundle,Apparel,S222,Summit Supply Co,Europe,WH 08,Chicago,Air,483,85.46,41277.18,59.81,4,990,Delivered,8793.38
100635,8/22/2024,8/25/2024,8/28/2024,C5311,North America,United States,P66888,Hand Sanitizer Case,Healthcare,S756,Crescent Logistics,Europe,WH 08,Chicago,Air,432,42.78,18480.96,56.51,3,756,Delivered,2403
100636,3/7/2024,3/11/2024,3/24/2024,C5927,Europe,Poland,P36855,Snack Carton,FMCG,S936,Atlas Sourcing,Europe,WH 04,Istanbul,Sea,77,22.57,1737.89,6.98,13,1374,Delayed,199.01
100637,8/8/2025,8/9/2025,8/26/2025,C3176,Africa,Nigeria,P94258,Shampoo Pack,FMCG,S931,BlueRiver Trading,Asia,WH 08,Chicago,Sea,195,14.47,2821.65,11.57,17,2839,Delivered,127.8
100638,1/22/2025,1/22/2025,1/25/2025,C5482,Africa,South Africa,P82936,Bookshelf,Furniture,S762,Vertex Manufacturing,North America,WH 08,Chicago,Road,461,241.76,111451.36,25.54,3,1808,Delivered,18125.4
100639,6/24/2025,6/27/2025,6/30/2025,C4218,Middle East,Saudi Arabia,P95677,Hand Sanitizer Case,Healthcare,S889,Evergreen Partners,Europe,WH 10,Cairo,Air,343,58.1,19928.3,50.74,3,4439,Delivered,3505.98
100640,2/26/2025,2/26/2025,3/8/2025,C6790,Asia,Indonesia,P46943,Floor Lamp,Furniture,S130,Summit Supply Co,Asia,WH 09,Johannesburg,Sea,482,220.6,106329.2,12.45,10,914,Delivered,12964.23
100641,1/21/2025,1/23/2025,1/27/2025,C4483,Middle East,Saudi Arabia,P30946,Office Chair,Furniture,S698,Summit Supply Co,Middle East,WH 06,Amsterdam,Air,118,165.13,19485.34,26.78,4,1654,Delivered,5221.26
100642,5/7/2025,5/11/2025,5/19/2025,C2631,Asia,China,P49220,Bottled Water Case,FMCG,S874,Vertex Manufacturing,Asia,WH 06,Amsterdam,Road,106,43.26,4585.56,11.47,8,2803,Delivered,796.95
100643,4/26/2025,4/27/2025,4/29/2025,C7655,Africa,Nigeria,P76720,Detergent Bag,FMCG,S388,Nova Industrial,Europe,WH 05,Frankfurt,Air,209,42.66,8915.94,42.06,2,1216,Delivered,1518.3
100644,3/22/2024,3/27/2024,4/3/2024,C5928,Africa,Nigeria,P91641,Denim Jeans,Apparel,S940,Pioneer Distribution,Middle East,WH 04,Istanbul,Rail,140,45.71,6399.4,14.09,7,1391,Delivered,1558.39
100645,1/21/2025,1/22/2025,1/26/2025,C1897,North America,Canada,P92630,Bookshelf,Furniture,S723,Pioneer Distribution,Europe,WH 10,Cairo,Rail,136,159.09,21636.24,14,4,967,Delivered,5010.08
100646,4/12/2025,4/13/2025,4/27/2025,C7616,Africa,Kenya,P92912,Wireless Earbuds,Electronics,S357,Atlas Sourcing,Africa,WH 07,Toronto,Sea,284,290.46,82490.64,9.77,14,1563,Delivered,11889.98
100647,12/8/2025,12/13/2025,12/20/2025,C6969,Europe,France,P14535,Bottled Water Case,FMCG,S839,Orion Supplies,Europe,WH 07,Toronto,Rail,457,25.92,11845.44,16.15,7,1034,Delivered,1411.64
100648,10/1/2025,10/2/2025,10/19/2025,C4872,Europe,Sweden,P43822,Thermometer,Healthcare,S480,Zenith Procurement,Middle East,WH 05,Frankfurt,Rail,277,36.05,9985.85,17.42,17,1792,Delayed,730.53
100649,7/2/2024,7/7/2024,7/8/2024,C3239,Africa,Morocco,P86095,Power Bank,Electronics,S801,BlueRiver Trading,Europe,WH 01,Karachi,Air,77,286.51,22061.27,33.5,1,686,Delivered,3678.59
100650,10/22/2025,10/27/2025,11/14/2025,C6914,North America,Canada,P47136,Power Bank,Electronics,S912,Zenith Procurement,North America,WH 06,Amsterdam,Sea,17,146.61,2492.37,6.17,18,1710,In Transit,260.22
100651,3/18/2025,3/19/2025,3/24/2025,C2461,Africa,Morocco,P43927,Hoodie,Apparel,S486,Orion Supplies,Middle East,WH 02,Lahore,Air,34,90.83,3088.22,30.72,5,1868,Delivered,636.48
100652,5/25/2024,5/29/2024,5/30/2024,C7142,Africa,Kenya,P48735,Thermometer,Healthcare,S594,Summit Supply Co,Europe,WH 05,Frankfurt,Air,47,74.07,3481.29,31.56,1,4117,Delivered,293.07
100653,7/3/2025,7/8/2025,7/17/2025,C1656,North America,Mexico,P54772,Face Mask Box,Healthcare,S675,Pioneer Distribution,Asia,WH 07,Toronto,Air,356,43.92,15635.52,51.58,9,4111,In Transit,2525.74
100654,8/1/2024,8/2/2024,8/6/2024,C5817,Middle East,Saudi Arabia,P21292,Snack Carton,FMCG,S138,Evergreen Partners,Africa,WH 10,Cairo,Air,356,26.99,9608.44,51.58,4,1340,Delivered,1475.43
100655,8/28/2025,8/29/2025,9/8/2025,C3520,Asia,Pakistan,P73308,Snack Carton,FMCG,S883,Atlas Sourcing,North America,WH 06,Amsterdam,Rail,50,24.72,1236,11.91,10,4712,Delivered,69.15
100656,9/14/2024,9/15/2024,9/20/2024,C2868,North America,Mexico,P93591,Bookshelf,Furniture,S158,Pioneer Distribution,North America,WH 10,Cairo,Air,202,273.53,55253.06,30.82,5,2046,Delivered,14113.41
100657,5/25/2025,5/29/2025,6/6/2025,C7034,Middle East,Saudi Arabia,P54239,Shampoo Pack,FMCG,S312,Crescent Logistics,Europe,WH 05,Frankfurt,Rail,331,42.61,14103.91,18.74,8,2640,Delivered,1715.71
100658,3/2/2025,3/3/2025,3/12/2025,C4593,Europe,France,P84142,Office Chair,Furniture,S452,BlueRiver Trading,Asia,WH 08,Chicago,Road,166,130.39,21644.74,17.18,9,818,Delivered,4415.23
100659,8/19/2024,8/21/2024,8/29/2024,C5522,Asia,Vietnam,P60624,Storage Cabinet,Furniture,S512,BlueRiver Trading,Asia,WH 05,Frankfurt,Road,339,268.89,91153.71,16.36,8,1220,Delivered,12772.05
100660,12/30/2024,12/31/2024,1/25/2025,C2100,Asia,China,P51632,Bookshelf,Furniture,S616,Atlas Sourcing,Europe,WH 05,Frankfurt,Sea,494,50.4,24897.6,17.02,25,831,Delivered,2663.85
100661,8/29/2025,8/29/2025,9/6/2025,C1502,Europe,France,P52299,First Aid Kit,Healthcare,S913,Orion Supplies,Asia,WH 06,Amsterdam,Rail,319,55.71,17771.49,18.44,8,2086,Delivered,3356.37
100662,11/1/2024,11/4/2024,11/7/2024,C9095,Middle East,Oman,P47909,Hand Sanitizer Case,Healthcare,S979,Summit Supply Co,Middle East,WH 03,Dubai,Air,486,84.12,40882.32,44.45,3,1773,Delivered,7779.54
100663,3/26/2024,3/29/2024,4/21/2024,C8041,Africa,Morocco,P94303,Storage Cabinet,Furniture,S706,Evergreen Partners,Africa,WH 09,Johannesburg,Sea,335,214.8,71958,10.46,23,651,Delayed,16283.97
100664,9/15/2025,9/18/2025,9/23/2025,C9370,North America,Canada,P61999,First Aid Kit,Healthcare,S533,BlueRiver Trading,Middle East,WH 05,Frankfurt,Air,434,44.47,19299.98,56.64,5,1412,Delivered,1691.49
100665,9/11/2024,9/14/2024,9/15/2024,C6137,Middle East,Qatar,P31573,Snack Carton,FMCG,S437,Orion Supplies,Asia,WH 09,Johannesburg,Air,125,5.65,706.25,36.61,1,2803,Delivered,84.66
100666,12/11/2025,12/11/2025,12/22/2025,C9494,North America,Canada,P30566,Storage Cabinet,Furniture,S929,Orion Supplies,Middle East,WH 08,Chicago,Sea,447,259.72,116094.84,16.17,11,882,Delivered,18183.9
100667,4/10/2024,4/15/2024,4/18/2024,C5233,Asia,Vietnam,P18007,Bookshelf,Furniture,S327,Vertex Manufacturing,Europe,WH 01,Karachi,Air,290,237.92,68996.8,47.3,3,480,Delivered,12007.1
100668,9/9/2024,9/13/2024,9/14/2024,C9635,Europe,Spain,P95024,Face Mask Box,Healthcare,S359,Evergreen Partners,Europe,WH 03,Dubai,Air,243,61.49,14942.07,32.78,1,1531,Delivered,1298.5
100669,12/29/2024,1/3/2025,1/13/2025,C3793,Middle East,Saudi Arabia,P12892,T Shirt Bundle,Apparel,S274,Evergreen Partners,Europe,WH 09,Johannesburg,Rail,341,51.94,17711.54,18.98,10,1844,Delivered,1032.54
100670,2/5/2025,2/5/2025,2/6/2025,C2892,North America,Mexico,P39754,Hand Sanitizer Case,Healthcare,S991,Evergreen Partners,Europe,WH 02,Lahore,Air,395,85.12,33622.4,54.11,1,1458,Delivered,3848.61
100671,11/9/2025,11/10/2025,11/25/2025,C3314,Europe,Italy,P47180,Power Bank,Electronics,S911,Vertex Manufacturing,Middle East,WH 05,Frankfurt,Sea,130,213.03,27693.9,10.39,15,1505,Delivered,3004.6
100672,12/3/2025,12/3/2025,12/9/2025,C6520,Europe,Italy,P71821,Smart Watch,Electronics,S817,Orion Supplies,Africa,WH 01,Karachi,Rail,114,281.64,32106.96,13.46,6,1323,Delivered,5612.75
100673,9/12/2024,9/14/2024,9/29/2024,C1390,Asia,Bangladesh,P38460,Denim Jeans,Apparel,S775,Pioneer Distribution,Asia,WH 04,Istanbul,Sea,178,43.35,7716.3,8.34,15,382,Delivered,1553.9
100674,8/21/2024,8/25/2024,9/3/2024,C1889,Europe,Germany,P55647,Study Table,Furniture,S845,Zenith Procurement,Middle East,WH 05,Frankfurt,Road,390,218.2,85098,23.53,9,781,Delivered,14896.92
100675,5/14/2024,5/15/2024,5/26/2024,C4718,North America,Canada,P46135,Wireless Earbuds,Electronics,S102,BlueRiver Trading,Europe,WH 01,Karachi,Rail,410,268.85,110228.5,20.66,11,1183,Cancelled,-103.27
100676,6/14/2024,6/15/2024,6/23/2024,C5578,Middle East,United Arab Emirates,P78126,Face Mask Box,Healthcare,S304,Crescent Logistics,Europe,WH 05,Frankfurt,Air,428,25.22,10794.16,56.25,8,2866,Delivered,1500.89
100677,6/11/2024,6/14/2024,6/23/2024,C4430,Asia,Pakistan,P24716,Bottled Water Case,FMCG,S969,Pioneer Distribution,Europe,WH 01,Karachi,Rail,402,22.96,9229.92,20.46,9,4191,Delivered,1378.97
100678,5/6/2024,5/9/2024,5/19/2024,C9015,Middle East,United Arab Emirates,P85160,First Aid Kit,Healthcare,S602,Pioneer Distribution,Middle East,WH 05,Frankfurt,Sea,224,15.18,3400.32,8.96,10,3309,Delivered,529.53
100679,12/13/2025,12/17/2025,12/19/2025,C1234,Europe,Poland,P56835,Router,Electronics,S969,Summit Supply Co,Asia,WH 05,Frankfurt,Air,490,230.14,112768.6,60.26,2,1424,Delivered,10217.73
100680,2/5/2024,2/7/2024,2/17/2024,C3670,North America,United States,P46519,T Shirt Bundle,Apparel,S580,Atlas Sourcing,Asia,WH 04,Istanbul,Rail,477,100.4,47890.8,22.28,10,2906,Delivered,5124.57
100681,6/14/2025,6/18/2025,6/27/2025,C3198,North America,United States,P73753,Snack Carton,FMCG,S793,Vertex Manufacturing,Asia,WH 07,Toronto,Rail,114,14.43,1645.02,13.46,9,1212,Delivered,202.44
100682,11/6/2024,11/8/2024,11/30/2024,C1658,Asia,Pakistan,P14761,Face Mask Box,Healthcare,S562,Vertex Manufacturing,Europe,WH 06,Amsterdam,Sea,376,12.68,4767.68,14.87,22,842,Delivered,864.25
100683,11/13/2025,11/14/2025,11/22/2025,C1755,Europe,France,P19638,Office Chair,Furniture,S935,Vertex Manufacturing,North America,WH 01,Karachi,Road,137,225.47,30889.39,16.36,8,182,Cancelled,-234.6
100684,10/19/2024,10/21/2024,10/25/2024,C2145,North America,Mexico,P63546,Detergent Bag,FMCG,S874,BlueRiver Trading,Europe,WH 08,Chicago,Road,390,20.84,8127.6,23.53,4,2164,Delivered,1132.16
100685,8/8/2024,8/10/2024,8/30/2024,C3515,North America,Mexico,P93337,Sportswear Set,Apparel,S368,Atlas Sourcing,Asia,WH 07,Toronto,Sea,200,102.29,20458,11.66,20,2258,Delivered,4713.22
100686,12/16/2025,12/18/2025,12/20/2025,C7337,Europe,Italy,P79506,Power Bank,Electronics,S435,Pioneer Distribution,Africa,WH 05,Frankfurt,Air,444,237.58,105485.52,57.28,2,1322,Delivered,19242.47
100687,10/12/2025,10/16/2025,10/20/2025,C5374,Europe,Netherlands,P83143,Detergent Bag,FMCG,S915,Zenith Procurement,North America,WH 08,Chicago,Rail,285,16.58,4725.3,17.62,4,1222,Delivered,736.51
100688,8/23/2024,8/28/2024,8/30/2024,C2673,Africa,Morocco,P63739,Shampoo Pack,FMCG,S120,Summit Supply Co,Europe,WH 08,Chicago,Air,243,27.4,6658.2,44.26,2,1966,Delivered,798.6
100689,6/10/2024,6/14/2024,6/18/2024,C8238,North America,Mexico,P33365,Sportswear Set,Apparel,S975,Orion Supplies,Africa,WH 07,Toronto,Air,475,51.6,24510,59.29,4,3442,Delivered,6201.57
100690,6/5/2025,6/7/2025,6/30/2025,C1761,Asia,Indonesia,P59177,Socks Pack,Apparel,S882,Atlas Sourcing,North America,WH 02,Lahore,Sea,42,21.08,885.36,8.78,23,1988,Delayed,163.26
100691,5/16/2025,5/16/2025,5/22/2025,C2055,Europe,Netherlands,P85582,Storage Cabinet,Furniture,S111,Crescent Logistics,Africa,WH 05,Frankfurt,Rail,328,288.43,94605.04,18.66,6,2098,Delivered,21063.49
100692,11/19/2024,11/22/2024,11/26/2024,C3810,Middle East,Qatar,P29476,Bluetooth Speaker,Electronics,S204,Summit Supply Co,Asia,WH 01,Karachi,Air,75,247.64,18573,33.37,4,98,Delivered,2078.81
100693,7/31/2025,8/4/2025,8/28/2025,C5053,Europe,Sweden,P72137,Smart Watch,Electronics,S965,BlueRiver Trading,Middle East,WH 04,Istanbul,Sea,389,288.23,112121.47,15.11,24,832,Delivered,14628.53
100694,9/17/2025,9/20/2025,9/30/2025,C6938,Asia,Indonesia,P71536,Floor Lamp,Furniture,S986,Summit Supply Co,Africa,WH 10,Cairo,Road,104,303.62,31576.48,15.42,10,1409,Delivered,6013.52
100695,9/18/2024,9/19/2024,9/22/2024,C1770,Asia,Bangladesh,P11843,Detergent Bag,FMCG,S173,BlueRiver Trading,Asia,WH 04,Istanbul,Air,134,38.67,5181.78,27.55,3,1119,Delivered,334.4
100696,3/30/2025,3/31/2025,4/6/2025,C9419,Asia,Malaysia,P12881,Wireless Earbuds,Electronics,S957,Summit Supply Co,Middle East,WH 06,Amsterdam,Rail,254,327.06,83073.24,16.86,6,1067,Delivered,14344.07
100697,1/19/2024,1/20/2024,1/28/2024,C9594,Africa,Nigeria,P87711,Vitamin Pack,Healthcare,S921,BlueRiver Trading,North America,WH 02,Lahore,Road,418,73.1,30555.8,24.32,8,3678,Delivered,4716.18
100698,2/17/2025,2/21/2025,3/13/2025,C6731,Africa,South Africa,P56433,Smart Watch,Electronics,S492,Summit Supply Co,Middle East,WH 04,Istanbul,Sea,213,297.34,63333.42,11.9,20,1590,Delivered,6238.86
100699,9/9/2024,9/9/2024,10/1/2024,C6327,Africa,Kenya,P15097,First Aid Kit,Healthcare,S736,Summit Supply Co,Africa,WH 07,Toronto,Sea,243,41.03,9970.29,9.22,22,465,Delivered,717.48
100700,3/15/2025,3/17/2025,3/27/2025,C7065,Africa,Nigeria,P54028,Floor Lamp,Furniture,S231,BlueRiver Trading,Europe,WH 03,Dubai,Road,369,317.65,117212.85,22.94,10,1449,Delivered,30357.31
100701,12/31/2024,1/2/2025,1/10/2025,C8640,Africa,Nigeria,P37742,Detergent Bag,FMCG,S980,Vertex Manufacturing,Middle East,WH 06,Amsterdam,Rail,306,47.2,14443.2,18.13,8,1545,In Transit,1991.21
100702,3/18/2025,3/18/2025,3/22/2025,C5377,Africa,Nigeria,P20599,Sportswear Set,Apparel,S922,Evergreen Partners,North America,WH 10,Cairo,Air,128,80.19,10264.32,36.81,4,1819,Delivered,1012.19
100703,12/4/2025,12/4/2025,12/29/2025,C2291,Africa,Morocco,P38064,Bottled Water Case,FMCG,S731,Summit Supply Co,North America,WH 06,Amsterdam,Sea,80,14.21,1136.8,9.48,25,2280,Delayed,101.27
100704,9/29/2024,9/30/2024,10/8/2024,C3800,Middle East,Oman,P24799,Bluetooth Speaker,Electronics,S811,Nova Industrial,Africa,WH 01,Karachi,Rail,225,287.14,64606.5,16.16,8,1489,In Transit,6882.55
100705,1/18/2024,1/22/2024,2/13/2024,C2369,North America,United States,P93920,Denim Jeans,Apparel,S547,Atlas Sourcing,North America,WH 01,Karachi,Sea,10,16.44,164.4,6.08,22,1207,Delivered,42.61
100706,2/16/2025,2/19/2025,2/23/2025,C1723,Africa,Morocco,P77865,Thermometer,Healthcare,S211,Vertex Manufacturing,Europe,WH 02,Lahore,Air,220,33.7,7414,42.77,4,467,Delivered,1251.41
100707,12/30/2024,1/1/2025,1/3/2025,C7680,Middle East,Qatar,P76793,Toothpaste Box,FMCG,S158,Nova Industrial,North America,WH 10,Cairo,Road,260,39.27,10210.2,19.84,2,689,Cancelled,-87.82
100708,9/12/2024,9/17/2024,10/12/2024,C8236,Europe,Italy,P48333,T Shirt Bundle,Apparel,S487,Vertex Manufacturing,Middle East,WH 10,Cairo,Sea,95,26.79,2545.05,9.75,25,2790,Delivered,616.54
100709,2/2/2025,2/6/2025,2/18/2025,C9676,Asia,China,P42642,Sportswear Set,Apparel,S546,Crescent Logistics,Middle East,WH 10,Cairo,Sea,300,97.76,29328,13.49,12,2065,Delivered,4117.29
100710,6/2/2024,6/2/2024,6/11/2024,C2151,Africa,Nigeria,P15492,Router,Electronics,S667,Evergreen Partners,Asia,WH 01,Karachi,Road,135,131.55,17759.25,16.3,9,1643,In Transit,2199.75
100711,4/4/2025,4/7/2025,4/12/2025,C8494,North America,Canada,P46723,Office Chair,Furniture,S281,Atlas Sourcing,Africa,WH 01,Karachi,Air,131,73.47,9624.57,37,5,1102,Delivered,2260.89
100712,4/4/2024,4/4/2024,4/16/2024,C8073,Asia,Bangladesh,P80572,Vitamin Pack,Healthcare,S364,Zenith Procurement,Africa,WH 10,Cairo,Rail,144,79.63,11466.72,14.19,12,2893,Delivered,240.25
100713,9/11/2024,9/15/2024,10/4/2024,C9867,North America,Mexico,P34151,Toothpaste Box,FMCG,S168,Orion Supplies,Middle East,WH 08,Chicago,Sea,46,39.71,1826.66,8.86,19,3027,Delivered,87.29
100714,7/8/2024,7/13/2024,7/24/2024,C1661,Europe,Spain,P50741,Sportswear Set,Apparel,S342,Crescent Logistics,Europe,WH 06,Amsterdam,Road,284,93.41,26528.44,15.2,11,2904,Delivered,6033.05
100715,11/18/2024,11/19/2024,11/27/2024,C5570,Middle East,Turkey,P44283,Router,Electronics,S674,Evergreen Partners,North America,WH 02,Lahore,Road,356,101.1,35991.6,22.57,8,1546,Delivered,4023
100716,12/1/2024,12/4/2024,12/12/2024,C6373,Africa,Egypt,P74068,Toothpaste Box,FMCG,S497,Pioneer Distribution,Africa,WH 04,Istanbul,Rail,254,24.43,6205.22,12.49,8,4906,Delivered,568.28
100717,8/5/2024,8/7/2024,8/24/2024,C7516,Middle East,Turkey,P92336,Detergent Bag,FMCG,S130,Vertex Manufacturing,Africa,WH 04,Istanbul,Rail,377,41.5,15645.5,19.85,17,407,Delayed,961.87
100718,9/28/2024,9/30/2024,10/13/2024,C1255,Asia,Bangladesh,P86555,Bookshelf,Furniture,S227,Vertex Manufacturing,Asia,WH 02,Lahore,Sea,335,147.89,49543.15,10.46,13,602,In Transit,7191.42
100719,4/17/2025,4/20/2025,4/29/2025,C1347,Middle East,Qatar,P34741,Denim Jeans,Apparel,S447,Zenith Procurement,North America,WH 10,Cairo,Rail,346,78.02,26994.92,19.1,9,2923,Delivered,6401.61
100720,4/10/2025,4/12/2025,4/15/2025,C3274,North America,United States,P94390,Socks Pack,Apparel,S171,Pioneer Distribution,Africa,WH 03,Dubai,Road,252,66.64,16793.28,19.62,3,1218,In Transit,4446.28
100721,1/22/2024,1/25/2024,2/6/2024,C3285,Asia,Vietnam,P62076,Toothpaste Box,FMCG,S379,Zenith Procurement,Europe,WH 02,Lahore,Rail,28,38.58,1080.24,11.37,12,670,Delivered,125.46
100722,10/30/2024,11/3/2024,11/9/2024,C3422,Asia,India,P95548,First Aid Kit,Healthcare,S480,Nova Industrial,Asia,WH 06,Amsterdam,Road,483,37.22,17977.26,19.38,6,868,In Transit,1803.44
100723,7/3/2025,7/5/2025,7/7/2025,C3347,North America,Canada,P57650,Office Chair,Furniture,S826,Zenith Procurement,Europe,WH 09,Johannesburg,Road,228,81.39,18556.92,18.94,2,1381,Delivered,2700.72
100724,12/9/2025,12/12/2025,1/4/2026,C7169,Europe,Netherlands,P99710,Hand Sanitizer Case,Healthcare,S553,Summit Supply Co,Middle East,WH 10,Cairo,Sea,132,72.23,9534.36,10.42,23,2927,Delivered,1039.53
100725,1/11/2024,1/15/2024,2/1/2024,C7103,Asia,Malaysia,P82219,Thermometer,Healthcare,S817,Orion Supplies,North America,WH 03,Dubai,Sea,396,35.37,14006.52,15.24,17,3995,Delivered,1341.84
100726,8/21/2024,8/25/2024,8/27/2024,C7319,North America,United States,P69021,Hand Sanitizer Case,Healthcare,S548,Orion Supplies,Middle East,WH 01,Karachi,Road,89,30.83,2743.87,15,2,1606,Delivered,502.34
100727,2/22/2025,2/22/2025,3/3/2025,C2758,Middle East,Qatar,P45367,T Shirt Bundle,Apparel,S596,Orion Supplies,North America,WH 07,Toronto,Road,191,98.39,18792.49,17.89,9,2896,Delivered,3022.16
100728,4/24/2024,4/29/2024,5/15/2024,C2041,Middle East,Turkey,P40099,Wireless Earbuds,Electronics,S912,Pioneer Distribution,Africa,WH 09,Johannesburg,Sea,201,400.57,80514.57,11.68,16,1678,Delivered,15243.69
100729,6/24/2025,6/29/2025,7/9/2025,C1675,Europe,France,P33052,Face Mask Box,Healthcare,S446,Summit Supply Co,Asia,WH 01,Karachi,Road,181,19.21,3477.01,17.61,10,2959,Delivered,307.69
100730,2/27/2025,3/3/2025,3/25/2025,C9448,Africa,Nigeria,P88497,Sportswear Set,Apparel,S167,Evergreen Partners,Europe,WH 01,Karachi,Sea,353,71.12,25105.36,14.45,22,2588,Cancelled,-156.09
100731,4/8/2025,4/9/2025,4/14/2025,C2797,North America,Canada,P68268,Denim Jeans,Apparel,S884,Summit Supply Co,North America,WH 01,Karachi,Air,382,49.62,18954.84,39.46,5,2605,Delivered,4326.52
100732,6/18/2024,6/22/2024,6/26/2024,C7200,Middle East,United Arab Emirates,P98913,Hand Sanitizer Case,Healthcare,S198,Atlas Sourcing,Europe,WH 06,Amsterdam,Air,413,37.23,15375.99,55.27,4,1043,Delivered,1873.38
100733,1/8/2024,1/8/2024,1/22/2024,C3196,Europe,Germany,P56104,Storage Cabinet,Furniture,S754,Vertex Manufacturing,Europe,WH 07,Toronto,Rail,254,160.9,40868.6,12.49,14,604,Delivered,7009.69
100734,11/19/2024,11/23/2024,12/6/2024,C7852,Africa,Kenya,P65781,Bookshelf,Furniture,S897,Vertex Manufacturing,North America,WH 08,Chicago,Sea,97,244.34,23700.98,9.79,13,1025,Delivered,4306.15
100735,5/22/2024,5/26/2024,6/17/2024,C8444,Europe,Poland,P20510,Detergent Bag,FMCG,S113,Summit Supply Co,Europe,WH 03,Dubai,Sea,307,35.58,10923.06,10.08,22,3898,Delivered,901
100736,2/21/2024,2/21/2024,2/26/2024,C8018,Africa,Kenya,P82746,Study Table,Furniture,S746,Vertex Manufacturing,Europe,WH 06,Amsterdam,Air,382,324.9,124111.8,53.27,5,2074,Delivered,18309.49
100737,12/7/2025,12/8/2025,12/14/2025,C7900,Africa,Morocco,P79000,Smart Watch,Electronics,S311,Zenith Procurement,Europe,WH 01,Karachi,Road,165,165.29,27272.85,17.15,6,1668,Delivered,2235.87
100738,11/6/2024,11/7/2024,11/8/2024,C7158,Middle East,Oman,P15806,Sportswear Set,Apparel,S358,Nova Industrial,Europe,WH 04,Istanbul,Air,220,25.95,5709,42.77,1,763,Delivered,1564.02
100739,11/26/2024,11/30/2024,12/2/2024,C6493,Europe,France,P17232,Router,Electronics,S486,Vertex Manufacturing,North America,WH 10,Cairo,Road,291,253.86,73873.26,20.72,2,1103,Delivered,10108.99
100740,4/14/2024,4/14/2024,5/3/2024,C7742,Africa,Kenya,P31300,Shampoo Pack,FMCG,S740,Zenith Procurement,Asia,WH 08,Chicago,Sea,267,9.77,2608.59,12.89,19,4857,Delivered,-86.35
100741,1/19/2025,1/22/2025,2/11/2025,C3611,Africa,Morocco,P32075,Bookshelf,Furniture,S645,Crescent Logistics,Middle East,WH 08,Chicago,Sea,105,125.88,13217.4,9.93,20,1995,Delivered,3001.99
100742,2/20/2025,2/25/2025,3/3/2025,C2417,Europe,France,P35230,Toothpaste Box,FMCG,S494,Orion Supplies,Middle East,WH 01,Karachi,Rail,120,21.12,2534.4,13.61,6,3472,Delivered,276.66
100743,12/11/2025,12/11/2025,12/15/2025,C3196,Middle East,Saudi Arabia,P44674,Toothpaste Box,FMCG,S797,BlueRiver Trading,Europe,WH 08,Chicago,Air,117,27.48,3215.16,36.09,4,2116,Delivered,209.74
100744,4/18/2024,4/19/2024,4/25/2024,C3322,North America,Canada,P60100,Bottled Water Case,FMCG,S342,Evergreen Partners,Asia,WH 10,Cairo,Rail,273,48.25,13172.25,17.33,6,4930,Cancelled,-132.99
100745,11/6/2024,11/7/2024,11/16/2024,C6604,North America,Canada,P65894,Thermometer,Healthcare,S119,Vertex Manufacturing,Africa,WH 09,Johannesburg,Rail,278,74.27,20647.06,17.45,9,3191,Delivered,2999.36
100746,4/10/2024,4/11/2024,4/13/2024,C3343,Africa,South Africa,P62107,Floor Lamp,Furniture,S229,Orion Supplies,Europe,WH 09,Johannesburg,Road,165,200.87,33143.55,17.15,2,1029,Delivered,5815.32
100747,4/11/2024,4/11/2024,4/15/2024,C2626,Asia,Indonesia,P73822,Storage Cabinet,Furniture,S185,Orion Supplies,Europe,WH 05,Frankfurt,Rail,231,106.54,24610.74,16.31,4,2157,Delivered,5861.61
100748,6/28/2025,7/1/2025,7/9/2025,C6411,Middle East,Qatar,P88672,Sportswear Set,Apparel,S955,Crescent Logistics,Middle East,WH 05,Frankfurt,Rail,414,87.08,36051.12,15.37,8,1025,Delivered,8812.99
100749,10/25/2025,10/26/2025,11/4/2025,C4527,Africa,Kenya,P30927,Floor Lamp,Furniture,S887,BlueRiver Trading,Africa,WH 02,Lahore,Road,337,127.32,42906.84,16.32,9,639,In Transit,5749.16
100750,6/18/2025,6/23/2025,7/16/2025,C9651,Africa,Morocco,P49743,Bottled Water Case,FMCG,S604,Evergreen Partners,North America,WH 08,Chicago,Sea,317,39.23,12435.91,13.8,23,4720,Delivered,1593.69
100751,5/16/2025,5/16/2025,5/23/2025,C9823,Europe,Spain,P72142,First Aid Kit,Healthcare,S508,Pioneer Distribution,Asia,WH 05,Frankfurt,Road,479,48.33,23150.07,26.05,7,1756,Delivered,2343.61
100752,2/8/2025,2/8/2025,2/13/2025,C3952,Europe,Poland,P83616,Bluetooth Speaker,Electronics,S146,BlueRiver Trading,Middle East,WH 06,Amsterdam,Air,222,390.11,86604.42,42.9,5,1644,Delivered,18376.35
100753,9/17/2024,9/17/2024,9/26/2024,C8614,Africa,Egypt,P74361,Thermometer,Healthcare,S321,Crescent Logistics,Middle East,WH 09,Johannesburg,Road,61,34.2,2086.2,14.2,9,740,Delivered,266.3
100754,11/4/2024,11/6/2024,11/19/2024,C8013,Asia,Vietnam,P88047,Snack Carton,FMCG,S355,Vertex Manufacturing,Europe,WH 03,Dubai,Rail,189,19.56,3696.84,15.28,13,3994,Delivered,536.89
100755,12/29/2024,12/30/2024,1/14/2025,C8187,Europe,Sweden,P69405,Power Bank,Electronics,S232,Nova Industrial,North America,WH 08,Chicago,Sea,434,75.8,32897.2,15.93,15,941,Delivered,1429.74
100756,6/28/2025,7/1/2025,7/5/2025,C2183,Europe,Germany,P30719,Toothpaste Box,FMCG,S522,Orion Supplies,Africa,WH 05,Frankfurt,Air,486,33.23,16149.78,60,4,2203,Delivered,1034.53
100757,10/14/2024,10/18/2024,10/25/2024,C5791,Middle East,Oman,P87850,Storage Cabinet,Furniture,S265,Orion Supplies,Africa,WH 08,Chicago,Road,327,281.79,92145.33,21.74,7,1009,Delivered,18952.5
100758,2/21/2025,2/24/2025,3/21/2025,C2919,Europe,Netherlands,P52595,Floor Lamp,Furniture,S501,Evergreen Partners,Middle East,WH 02,Lahore,Sea,14,329.27,4609.78,8.27,25,303,Delayed,578.01
100759,12/7/2024,12/11/2024,12/19/2024,C7189,Europe,Netherlands,P43910,Socks Pack,Apparel,S630,Summit Supply Co,Europe,WH 01,Karachi,Road,456,73.17,33365.52,18.82,8,894,Delivered,8893.54
100760,5/22/2025,5/27/2025,6/16/2025,C1839,Europe,Germany,P34578,T Shirt Bundle,Apparel,S127,Crescent Logistics,Asia,WH 10,Cairo,Sea,390,86.1,33579,15.13,20,2087,Delivered,7156.98
100761,7/24/2025,7/26/2025,7/29/2025,C7446,North America,United States,P12654,Bluetooth Speaker,Electronics,S752,Evergreen Partners,Europe,WH 03,Dubai,Air,343,288.2,98852.6,50.74,3,411,Delivered,15419.59
100762,1/10/2025,1/15/2025,1/19/2025,C5919,Africa,Morocco,P36819,Thermometer,Healthcare,S577,Crescent Logistics,Middle East,WH 10,Cairo,Air,427,22.32,9530.64,56.18,4,767,In Transit,784.48
100763,11/3/2025,11/7/2025,11/11/2025,C8820,Asia,Pakistan,P28170,Hoodie,Apparel,S695,Zenith Procurement,Middle East,WH 02,Lahore,Air,443,76.74,33995.82,57.22,4,2064,Delivered,4101.03
100764,7/15/2025,7/16/2025,7/26/2025,C5861,Africa,South Africa,P73582,Sportswear Set,Apparel,S948,Crescent Logistics,Asia,WH 05,Frankfurt,Rail,226,117.21,26489.46,16.18,10,2977,Delivered,4000.04
100765,9/28/2024,9/28/2024,10/1/2024,C8254,Africa,Egypt,P22941,First Aid Kit,Healthcare,S745,Atlas Sourcing,Africa,WH 01,Karachi,Air,482,18.12,8733.84,44.26,3,4099,Delivered,1392.66
100766,10/20/2024,10/21/2024,11/1/2024,C9711,Africa,Morocco,P73079,Power Bank,Electronics,S836,Vertex Manufacturing,North America,WH 07,Toronto,Road,43,354.76,15254.68,13.69,11,1301,Delivered,3191.27
100767,3/14/2025,3/16/2025,3/21/2025,C7227,North America,Mexico,P23280,Thermometer,Healthcare,S563,Zenith Procurement,Europe,WH 10,Cairo,Air,327,75.58,24714.66,49.7,5,3551,Delivered,3046.11
100768,3/23/2025,3/24/2025,4/6/2025,C9955,Africa,Egypt,P83230,Study Table,Furniture,S834,Vertex Manufacturing,Europe,WH 05,Frankfurt,Rail,388,179.67,69711.96,20.12,13,650,Delivered,16557.72
100769,12/8/2024,12/8/2024,12/21/2024,C3368,Asia,Pakistan,P39203,Power Bank,Electronics,S388,BlueRiver Trading,Europe,WH 10,Cairo,Sea,498,330.6,164638.8,17.1,13,301,Delivered,20825.28
100770,8/4/2024,8/5/2024,8/19/2024,C3939,Middle East,United Arab Emirates,P63214,Hoodie,Apparel,S689,Summit Supply Co,Europe,WH 01,Karachi,Rail,444,113.69,50478.36,21.48,14,967,Delivered,11511
100771,5/11/2024,5/14/2024,6/8/2024,C7764,North America,Canada,P71836,Wireless Earbuds,Electronics,S279,Nova Industrial,Africa,WH 09,Johannesburg,Sea,67,78.46,5256.82,9.24,25,1664,Delayed,918.89
100772,8/4/2025,8/4/2025,8/5/2025,C6733,Asia,Pakistan,P67207,Hoodie,Apparel,S817,Evergreen Partners,Africa,WH 10,Cairo,Air,154,19.23,2961.42,38.49,1,3190,Delivered,311.02
100773,6/1/2025,6/1/2025,6/5/2025,C7194,Europe,France,P27883,Hoodie,Apparel,S186,Pioneer Distribution,Middle East,WH 01,Karachi,Road,77,43.61,3357.97,14.66,4,3263,Delivered,863.76
100774,4/21/2024,4/25/2024,5/11/2024,C5121,Middle East,Saudi Arabia,P16553,Storage Cabinet,Furniture,S857,Zenith Procurement,Middle East,WH 07,Toronto,Sea,28,298.32,8352.96,6.32,16,1605,Delivered,1767.34
100775,1/30/2025,1/31/2025,2/2/2025,C3311,Africa,Nigeria,P91556,Hand Sanitizer Case,Healthcare,S889,Summit Supply Co,Africa,WH 01,Karachi,Road,283,29.06,8223.98,15.18,2,371,Delivered,1113.69
100776,1/26/2024,1/27/2024,2/13/2024,C4766,Africa,Nigeria,P68097,T Shirt Bundle,Apparel,S665,Crescent Logistics,North America,WH 01,Karachi,Sea,471,119.69,56373.99,16.6,17,2852,Delivered,8195.46
100777,8/21/2025,8/23/2025,8/28/2025,C3523,Middle East,Turkey,P81695,Detergent Bag,FMCG,S459,Vertex Manufacturing,Middle East,WH 03,Dubai,Air,496,42.11,20886.56,44.93,5,1464,Delivered,3328.16
100778,2/16/2025,2/20/2025,2/27/2025,C3711,North America,Mexico,P20529,T Shirt Bundle,Apparel,S531,Nova Industrial,Middle East,WH 02,Lahore,Road,277,93.96,26026.92,20.33,7,1428,Delivered,6464.87
100779,8/14/2024,8/14/2024,8/27/2024,C1376,Europe,Italy,P63365,Bookshelf,Furniture,S104,Atlas Sourcing,Africa,WH 05,Frankfurt,Rail,453,110.02,49839.06,21.7,13,689,Delivered,10754.79
100780,4/13/2025,4/13/2025,4/26/2025,C2919,Asia,Bangladesh,P60070,Smart Watch,Electronics,S249,BlueRiver Trading,Middle East,WH 09,Johannesburg,Sea,461,360.91,166379.51,16.42,13,631,Delivered,29975.66
100781,5/28/2025,5/28/2025,5/30/2025,C2656,Middle East,Turkey,P74315,Toothpaste Box,FMCG,S346,Zenith Procurement,Middle East,WH 09,Johannesburg,Road,443,28.75,12736.25,18.54,2,3310,Delivered,1549.63
100782,10/9/2025,10/12/2025,10/14/2025,C7621,North America,United States,P27776,Router,Electronics,S778,Crescent Logistics,Europe,WH 01,Karachi,Air,438,434.75,190420.5,56.89,2,1239,Delivered,26261.14
100783,7/20/2025,7/23/2025,7/27/2025,C9621,Middle East,Turkey,P20547,Bluetooth Speaker,Electronics,S749,Nova Industrial,Asia,WH 10,Cairo,Rail,183,288.83,52855.89,15.14,4,1756,Delivered,7774.67
100784,2/29/2024,3/1/2024,3/13/2024,C9167,North America,Canada,P77005,Bluetooth Speaker,Electronics,S972,Summit Supply Co,North America,WH 01,Karachi,Road,238,219.59,52262.42,14.24,12,883,Delayed,5522.94
100785,12/18/2024,12/21/2024,12/26/2024,C8849,Europe,Italy,P63806,Toothpaste Box,FMCG,S360,Nova Industrial,North America,WH 09,Johannesburg,Air,226,34.68,7837.68,43.16,5,1485,Delivered,1132.43
100786,11/30/2025,12/2/2025,12/7/2025,C7208,Middle East,United Arab Emirates,P84092,Denim Jeans,Apparel,S920,Crescent Logistics,North America,WH 02,Lahore,Air,493,39.8,19621.4,60.46,5,2074,Delivered,4341.89
100787,2/24/2025,2/25/2025,3/1/2025,C7028,Africa,Morocco,P22207,Vitamin Pack,Healthcare,S614,Atlas Sourcing,Africa,WH 06,Amsterdam,Road,202,23.7,4787.4,13.48,4,1072,Delivered,758.6
100788,9/18/2025,9/22/2025,9/27/2025,C7655,North America,United States,P98110,Socks Pack,Apparel,S871,Atlas Sourcing,Europe,WH 02,Lahore,Air,237,71.01,16829.37,43.87,5,671,Delivered,1953.06
100789,3/11/2025,3/13/2025,3/14/2025,C1142,Africa,Nigeria,P31446,Face Mask Box,Healthcare,S903,Orion Supplies,Europe,WH 01,Karachi,Air,407,79.77,32466.39,54.89,1,917,Delivered,2538.88
100790,1/16/2025,1/21/2025,1/27/2025,C1949,Asia,Pakistan,P64596,Office Chair,Furniture,S621,BlueRiver Trading,Middle East,WH 07,Toronto,Rail,498,286.82,142836.36,22.79,6,404,Delivered,24388.57
100791,6/16/2024,6/21/2024,7/13/2024,C3537,Africa,Morocco,P24690,Storage Cabinet,Furniture,S295,Zenith Procurement,North America,WH 06,Amsterdam,Sea,42,130.33,5473.86,8.78,22,1052,Delivered,1427.83
100792,2/12/2025,2/13/2025,2/25/2025,C7299,Africa,South Africa,P83366,Storage Cabinet,Furniture,S275,Crescent Logistics,Asia,WH 08,Chicago,Sea,204,267.69,54608.76,11.74,12,1497,Cancelled,-175.59
100793,1/13/2024,1/18/2024,1/22/2024,C1158,Middle East,Qatar,P47997,Floor Lamp,Furniture,S648,Atlas Sourcing,Europe,WH 03,Dubai,Road,286,205.66,58818.76,20.58,4,1901,Delivered,9900.08
100794,4/24/2024,4/25/2024,4/29/2024,C8896,North America,Canada,P38133,Snack Carton,FMCG,S471,Zenith Procurement,Middle East,WH 08,Chicago,Air,224,39.75,8904,43.03,4,2606,Delivered,1288.06
100795,11/18/2025,11/22/2025,11/28/2025,C6645,Asia,Malaysia,P72513,Wireless Earbuds,Electronics,S683,Pioneer Distribution,Middle East,WH 03,Dubai,Road,78,355.78,27750.84,14.69,6,65,Delivered,3511.42
100796,9/4/2024,9/4/2024,9/14/2024,C1356,North America,Mexico,P75263,First Aid Kit,Healthcare,S417,Summit Supply Co,Asia,WH 07,Toronto,Air,130,84.65,11004.5,36.94,10,2480,Delivered,1906.87
100797,4/23/2024,4/27/2024,4/30/2024,C2487,North America,Mexico,P31326,Wireless Earbuds,Electronics,S601,Summit Supply Co,Middle East,WH 07,Toronto,Road,450,305.67,137551.5,25.23,3,375,Delivered,12875.62
100798,6/7/2024,6/11/2024,6/25/2024,C7391,Europe,Netherlands,P88948,Detergent Bag,FMCG,S801,Crescent Logistics,Middle East,WH 07,Toronto,Rail,105,39.45,4142.25,13.24,14,2669,Delivered,383.08
100799,10/20/2024,10/22/2024,10/24/2024,C9884,North America,United States,P38906,Face Mask Box,Healthcare,S930,Evergreen Partners,Africa,WH 06,Amsterdam,Road,346,85.7,29652.2,22.28,2,738,Delivered,3976.42
100800,8/6/2024,8/11/2024,8/21/2024,C5210,Europe,Poland,P81942,Router,Electronics,S405,Pioneer Distribution,Asia,WH 10,Cairo,Sea,151,412.8,62332.8,10.77,10,256,Delivered,8826.04
100801,7/3/2024,7/7/2024,7/15/2024,C6563,North America,Mexico,P13188,Power Bank,Electronics,S169,Crescent Logistics,North America,WH 07,Toronto,Rail,395,331.16,130808.2,15.03,8,476,Delivered,25895.44
100802,8/5/2024,8/7/2024,8/12/2024,C1056,Africa,South Africa,P68548,Face Mask Box,Healthcare,S345,Zenith Procurement,Middle East,WH 01,Karachi,Road,153,41.34,6325.02,16.81,5,1682,Delivered,591.75
100803,3/17/2025,3/17/2025,3/24/2025,C1944,Europe,Sweden,P19114,Detergent Bag,FMCG,S822,Orion Supplies,Europe,WH 03,Dubai,Road,34,23.87,811.58,9.95,7,1859,Delivered,86.69
100804,4/15/2024,4/18/2024,4/28/2024,C2902,Africa,Nigeria,P40540,Storage Cabinet,Furniture,S303,Vertex Manufacturing,Middle East,WH 04,Istanbul,Rail,17,192.84,3278.28,11.11,10,1183,In Transit,397.74
100805,10/10/2025,10/10/2025,10/26/2025,C8686,North America,Canada,P50647,Hand Sanitizer Case,Healthcare,S435,Evergreen Partners,North America,WH 02,Lahore,Sea,76,62.51,4750.76,6.97,16,1977,Delivered,942.33
100806,8/25/2025,8/30/2025,9/11/2025,C1949,Africa,Morocco,P46355,Study Table,Furniture,S187,Nova Industrial,Asia,WH 06,Amsterdam,Road,160,47,7520,17.01,12,820,Delayed,1247.46
100807,4/14/2025,4/19/2025,4/21/2025,C2878,Asia,China,P68597,Hand Sanitizer Case,Healthcare,S559,BlueRiver Trading,North America,WH 01,Karachi,Road,354,65.54,23201.16,22.51,2,4152,Delivered,4305.77
100808,1/16/2024,1/21/2024,2/5/2024,C9006,Middle East,Turkey,P41876,Bookshelf,Furniture,S411,Evergreen Partners,Middle East,WH 07,Toronto,Sea,464,230.99,107179.36,12.2,15,1617,Delivered,26177.05
100809,10/29/2025,10/30/2025,11/6/2025,C3769,Africa,Kenya,P55499,Bottled Water Case,FMCG,S526,Crescent Logistics,Europe,WH 09,Johannesburg,Rail,66,34.77,2294.82,12.3,7,2715,Delivered,82.71
100810,1/6/2024,1/7/2024,1/17/2024,C7324,North America,Canada,P38173,Snack Carton,FMCG,S279,Crescent Logistics,Europe,WH 01,Karachi,Rail,386,25.18,9719.48,20.07,10,3585,Delivered,1551.83
100811,2/12/2025,2/16/2025,2/18/2025,C1497,Asia,India,P71161,Floor Lamp,Furniture,S573,Crescent Logistics,Asia,WH 03,Dubai,Road,414,178.95,74085.3,17.93,2,181,Delivered,20188.24
100812,1/4/2024,1/8/2024,1/18/2024,C2607,Middle East,Turkey,P12016,Storage Cabinet,Furniture,S602,Crescent Logistics,Middle East,WH 09,Johannesburg,Rail,453,324.64,147061.92,16.07,10,1793,Delivered,19462.91
100813,1/12/2025,1/14/2025,1/25/2025,C9520,Africa,Egypt,P93106,Bookshelf,Furniture,S537,Atlas Sourcing,Europe,WH 07,Toronto,Rail,352,65.53,23066.56,19.25,11,1823,In Transit,4089.64
100814,8/26/2024,8/30/2024,9/6/2024,C4524,Africa,Egypt,P84534,Detergent Bag,FMCG,S969,Nova Industrial,Middle East,WH 09,Johannesburg,Road,395,8.33,3290.35,23.67,7,704,In Transit,547.43
100815,7/27/2024,7/31/2024,8/6/2024,C1868,Asia,Pakistan,P36398,Face Mask Box,Healthcare,S782,Zenith Procurement,Asia,WH 10,Cairo,Air,86,19.64,1689.04,25.25,6,4377,Delivered,134.49
100816,10/30/2024,10/31/2024,11/4/2024,C3675,Asia,India,P60665,Hand Sanitizer Case,Healthcare,S880,Pioneer Distribution,Africa,WH 02,Lahore,Rail,437,87.22,38115.14,21.31,4,3207,In Transit,4929.43
100817,6/4/2024,6/5/2024,6/11/2024,C4030,Europe,Spain,P76617,Router,Electronics,S353,Vertex Manufacturing,North America,WH 10,Cairo,Road,189,201.62,38106.18,17.83,6,1108,In Transit,6253.54
100818,10/30/2024,11/1/2024,11/5/2024,C6803,North America,Mexico,P11214,Power Bank,Electronics,S488,Pioneer Distribution,Africa,WH 08,Chicago,Road,224,222.39,49815.36,18.82,4,523,Delivered,4773.15
100819,5/25/2024,5/26/2024,5/28/2024,C7569,Middle East,Qatar,P60643,Hoodie,Apparel,S193,Crescent Logistics,Asia,WH 10,Cairo,Air,115,86.68,9968.2,35.96,2,463,Delivered,1104.94
100820,10/22/2025,10/27/2025,10/30/2025,C9992,Africa,Nigeria,P16553,Power Bank,Electronics,S573,Vertex Manufacturing,Europe,WH 10,Cairo,Air,365,253.51,92531.15,52.16,3,1772,Delivered,9369.67
100821,11/14/2025,11/19/2025,11/26/2025,C1942,North America,Mexico,P56365,Vitamin Pack,Healthcare,S109,Nova Industrial,Middle East,WH 02,Lahore,Road,236,26.13,6166.68,19.16,7,1820,Delivered,423.89
100822,5/16/2025,5/19/2025,6/5/2025,C3837,Africa,South Africa,P84135,Hoodie,Apparel,S651,Crescent Logistics,Africa,WH 05,Frankfurt,Sea,118,66.12,7802.16,7.53,17,829,Delivered,1877.26
100823,10/12/2024,10/13/2024,10/18/2024,C3423,North America,United States,P22906,Router,Electronics,S752,Crescent Logistics,Africa,WH 03,Dubai,Air,85,67.48,5735.8,34.02,5,856,Delivered,818.5
100824,7/16/2025,7/19/2025,8/1/2025,C5103,North America,United States,P35968,Denim Jeans,Apparel,S144,Pioneer Distribution,Europe,WH 09,Johannesburg,Rail,353,54.46,19224.38,19.27,13,1792,Delivered,4619.07
100825,9/24/2025,9/27/2025,10/3/2025,C2138,North America,United States,P48575,Detergent Bag,FMCG,S220,Crescent Logistics,Middle East,WH 07,Toronto,Road,22,22.42,493.24,13.1,6,2510,Delivered,26.54
100826,3/4/2024,3/8/2024,3/17/2024,C9649,Europe,Poland,P23890,Study Table,Furniture,S552,Atlas Sourcing,Africa,WH 06,Amsterdam,Rail,268,324.66,87008.88,17.2,9,1499,In Transit,17156.17
100827,7/20/2024,7/21/2024,7/29/2024,C9566,North America,United States,P81543,Smart Watch,Electronics,S134,Pioneer Distribution,Middle East,WH 08,Chicago,Road,378,445,168210,23.19,8,270,Delivered,17246.15
100828,6/5/2025,6/9/2025,6/11/2025,C8161,Middle East,Turkey,P27443,Bottled Water Case,FMCG,S606,Evergreen Partners,Middle East,WH 05,Frankfurt,Air,396,6.77,2680.92,40.13,2,4892,Delivered,110.48
100829,4/14/2025,4/18/2025,4/30/2025,C1594,Africa,Egypt,P64604,Wireless Earbuds,Electronics,S606,Pioneer Distribution,Middle East,WH 06,Amsterdam,Sea,291,225.46,65608.86,13.32,12,1301,Delivered,5866.88
100830,7/15/2025,7/19/2025,7/28/2025,C9467,Asia,Indonesia,P68235,Sportswear Set,Apparel,S112,Vertex Manufacturing,North America,WH 06,Amsterdam,Road,12,59.56,714.72,12.81,9,3175,Delivered,60.1
100831,6/30/2025,7/5/2025,7/8/2025,C4377,North America,United States,P40105,Socks Pack,Apparel,S102,Evergreen Partners,Middle East,WH 04,Istanbul,Air,188,35.4,6655.2,40.69,3,1992,Delivered,1664.02
100832,2/21/2024,2/23/2024,3/14/2024,C8253,Africa,Nigeria,P89311,Snack Carton,FMCG,S145,Summit Supply Co,Asia,WH 01,Karachi,Sea,341,25.29,8623.89,14.23,20,2357,Delivered,661.26
100833,10/1/2025,10/2/2025,10/5/2025,C5948,Asia,Malaysia,P47170,Router,Electronics,S647,BlueRiver Trading,Middle East,WH 06,Amsterdam,Road,336,126.19,42399.84,22,3,444,Delivered,6448.61
100834,9/13/2025,9/17/2025,10/6/2025,C1999,North America,Canada,P77384,Shampoo Pack,FMCG,S637,Orion Supplies,Africa,WH 02,Lahore,Sea,271,10.89,2951.19,12.96,19,2103,Delivered,254.9
100835,10/1/2024,10/2/2024,10/10/2024,C6506,Africa,Kenya,P30605,Vitamin Pack,Healthcare,S866,BlueRiver Trading,Asia,WH 10,Cairo,Road,81,42.87,3472.47,14.77,8,416,Delivered,385.92
100836,1/17/2025,1/21/2025,2/8/2025,C6361,Middle East,Turkey,P35475,Shampoo Pack,FMCG,S741,Crescent Logistics,North America,WH 05,Frankfurt,Sea,236,40.08,9458.88,12.32,18,495,Delivered,133.34
100837,7/19/2024,7/21/2024,7/31/2024,C8720,Asia,China,P28830,Bookshelf,Furniture,S933,Evergreen Partners,North America,WH 05,Frankfurt,Rail,340,106.51,36213.4,18.95,10,965,Delivered,9093.13
100838,9/20/2025,9/22/2025,10/9/2025,C8463,Asia,Bangladesh,P60278,Power Bank,Electronics,S735,Evergreen Partners,North America,WH 01,Karachi,Sea,254,220,55880,12.65,17,917,Delivered,9899.89
100839,12/13/2024,12/14/2024,12/18/2024,C6492,North America,United States,P39722,Office Chair,Furniture,S899,Pioneer Distribution,Europe,WH 10,Cairo,Air,266,46.2,12289.2,45.75,4,1413,In Transit,1949.12
100840,6/14/2024,6/17/2024,6/21/2024,C9254,Europe,Poland,P87120,Office Chair,Furniture,S945,Crescent Logistics,Africa,WH 07,Toronto,Rail,210,102,21420,15.8,4,693,Delivered,4025.52
100841,10/8/2025,10/9/2025,10/31/2025,C6674,Africa,South Africa,P11080,Bookshelf,Furniture,S603,BlueRiver Trading,Asia,WH 02,Lahore,Sea,151,49.94,7540.94,10.77,22,1809,Delivered,1734.86
100842,8/1/2025,8/2/2025,8/7/2025,C5703,Africa,Nigeria,P46820,Office Chair,Furniture,S993,Pioneer Distribution,Europe,WH 01,Karachi,Road,255,101.51,25885.05,19.7,5,452,Delivered,5467.39
100843,2/25/2024,2/28/2024,3/1/2024,C9052,Middle East,Qatar,P26995,Snack Carton,FMCG,S849,Evergreen Partners,Africa,WH 01,Karachi,Road,278,45.05,12523.9,20.36,2,1826,Delivered,2228.16
100844,6/22/2024,6/25/2024,7/8/2024,C7219,Middle East,Oman,P52816,Office Chair,Furniture,S472,Summit Supply Co,Europe,WH 01,Karachi,Rail,90,66.27,5964.3,12.88,13,1768,Delivered,1319.26
100845,10/13/2025,10/18/2025,10/27/2025,C4201,Middle East,United Arab Emirates,P19854,Thermometer,Healthcare,S976,Zenith Procurement,North America,WH 05,Frankfurt,Rail,128,20.71,2650.88,13.8,9,1728,Delivered,449.53
100846,5/3/2025,5/7/2025,5/15/2025,C4404,Asia,China,P47260,Wireless Earbuds,Electronics,S395,Summit Supply Co,North America,WH 02,Lahore,Rail,116,171.56,19900.96,13.51,8,579,Delivered,2057.38
100847,8/2/2024,8/2/2024,8/15/2024,C5289,North America,Mexico,P96173,Toothpaste Box,FMCG,S564,Summit Supply Co,Asia,WH 07,Toronto,Rail,113,30.46,3441.98,13.44,13,2672,Delivered,324.19
100848,3/3/2024,3/7/2024,3/31/2024,C5506,North America,Mexico,P28715,Office Chair,Furniture,S565,Zenith Procurement,Middle East,WH 02,Lahore,Sea,89,286.16,25468.24,9.64,24,1150,Delayed,5816.75
100849,3/17/2024,3/21/2024,3/28/2024,C7605,Europe,France,P74818,Smart Watch,Electronics,S687,Orion Supplies,Africa,WH 04,Istanbul,Rail,254,422.68,107360.72,16.86,7,81,Delivered,8575.62
100850,8/18/2025,8/18/2025,8/27/2025,C7813,Middle East,United Arab Emirates,P91144,Hand Sanitizer Case,Healthcare,S797,Pioneer Distribution,Africa,WH 08,Chicago,Rail,491,29.64,14553.24,22.62,9,4403,In Transit,1817.08
100851,4/22/2024,4/22/2024,5/2/2024,C1226,Asia,Bangladesh,P90399,Wireless Earbuds,Electronics,S767,Orion Supplies,Middle East,WH 02,Lahore,Road,363,449.81,163281.03,22.77,10,1626,Delivered,26018.72
100852,12/22/2025,12/25/2025,1/18/2026,C8897,Africa,Egypt,P74541,First Aid Kit,Healthcare,S572,Vertex Manufacturing,Europe,WH 02,Lahore,Sea,54,14.78,798.12,9,24,439,Delivered,17.67
100853,11/30/2024,12/4/2024,12/9/2024,C2841,Europe,Spain,P43902,Power Bank,Electronics,S193,Vertex Manufacturing,Asia,WH 04,Istanbul,Road,419,266.8,111789.2,24.35,5,843,Delivered,14388.23
100854,3/20/2025,3/24/2025,4/11/2025,C5588,Asia,India,P75873,Wireless Earbuds,Electronics,S745,BlueRiver Trading,Middle East,WH 10,Cairo,Sea,339,274.49,93052.11,14.2,18,1495,Delivered,15242.69
100855,9/17/2025,9/19/2025,10/8/2025,C3062,Africa,South Africa,P60406,Bluetooth Speaker,Electronics,S716,Pioneer Distribution,Africa,WH 10,Cairo,Sea,174,388.75,67642.5,8.29,19,1427,Delivered,14405.36
100856,2/26/2025,3/1/2025,3/16/2025,C5242,Asia,Vietnam,P28095,Bottled Water Case,FMCG,S774,Zenith Procurement,Middle East,WH 06,Amsterdam,Sea,425,26.56,11288,15.76,15,3930,Delivered,1209.55
100857,2/11/2024,2/15/2024,2/22/2024,C7096,Africa,Morocco,P65309,Snack Carton,FMCG,S917,Atlas Sourcing,Asia,WH 10,Cairo,Road,322,22.89,7370.58,21.6,7,1171,Delivered,519.3
100858,9/26/2025,9/28/2025,10/22/2025,C1613,North America,United States,P44640,Wireless Earbuds,Electronics,S182,Crescent Logistics,Middle East,WH 03,Dubai,Sea,53,81.05,4295.65,8.98,24,1642,Delivered,892.65
100859,9/23/2024,9/25/2024,10/7/2024,C9585,Africa,Kenya,P56489,Study Table,Furniture,S747,Vertex Manufacturing,Asia,WH 03,Dubai,Air,240,321.88,77251.2,44.06,12,1960,Delayed,11106.66
100860,8/21/2025,8/24/2025,8/31/2025,C3800,Africa,Egypt,P70314,Shampoo Pack,FMCG,S931,Pioneer Distribution,Asia,WH 01,Karachi,Road,267,45.28,12089.76,20.04,7,3141,Delivered,1042.62
100861,1/8/2024,1/13/2024,1/15/2024,C6698,Europe,Germany,P16829,Hand Sanitizer Case,Healthcare,S445,Evergreen Partners,Middle East,WH 03,Dubai,Road,360,70.66,25437.6,22.68,2,3970,Delivered,1842.1
100862,9/24/2025,9/28/2025,10/11/2025,C2764,Europe,Poland,P43043,Socks Pack,Apparel,S251,Pioneer Distribution,Middle East,WH 04,Istanbul,Sea,173,62.48,10809.04,11.17,13,2818,Delivered,3047.26
100863,10/19/2025,10/22/2025,11/7/2025,C1071,Africa,South Africa,P17386,First Aid Kit,Healthcare,S818,Pioneer Distribution,Africa,WH 02,Lahore,Sea,182,61.61,11213.02,8.4,16,1243,Delivered,2141.41
100864,11/5/2024,11/10/2024,11/14/2024,C3486,North America,Canada,P96755,Router,Electronics,S773,Atlas Sourcing,Europe,WH 02,Lahore,Air,292,285.53,83374.76,47.43,4,1298,In Transit,10684.72
100865,4/4/2024,4/9/2024,4/16/2024,C8248,Africa,Nigeria,P14369,Thermometer,Healthcare,S375,Atlas Sourcing,Middle East,WH 04,Istanbul,Road,380,16.84,6399.2,23.25,7,487,Delivered,1113.43
100866,3/14/2024,3/14/2024,3/15/2024,C3896,Asia,India,P92641,Smart Watch,Electronics,S215,Pioneer Distribution,Middle East,WH 03,Dubai,Air,32,300.85,9627.2,30.59,1,456,Delivered,1687.14
100867,1/23/2024,1/23/2024,2/4/2024,C1557,Asia,Pakistan,P19808,Hoodie,Apparel,S758,Atlas Sourcing,Middle East,WH 05,Frankfurt,Sea,231,87.49,20210.19,12.23,12,3088,Delivered,4712.73
100868,3/18/2025,3/22/2025,3/28/2025,C3511,Africa,Egypt,P57910,Bluetooth Speaker,Electronics,S923,Orion Supplies,Africa,WH 03,Dubai,Air,372,88.46,32907.12,38.98,6,574,Delivered,2665.29
100869,8/5/2025,8/6/2025,8/31/2025,C2507,Asia,Malaysia,P32787,Vitamin Pack,Healthcare,S540,BlueRiver Trading,Europe,WH 08,Chicago,Sea,423,75.85,32084.55,15.73,25,3942,Delayed,2363.06
100870,7/1/2024,7/5/2024,7/9/2024,C6051,Middle East,Saudi Arabia,P37313,Denim Jeans,Apparel,S638,BlueRiver Trading,North America,WH 04,Istanbul,Air,129,104.37,13463.73,36.87,4,2905,Delivered,2595.26
100871,12/28/2025,12/31/2025,1/6/2026,C8055,Europe,Poland,P65842,Study Table,Furniture,S500,Evergreen Partners,Europe,WH 02,Lahore,Road,210,298.51,62687.1,13.65,6,869,Delivered,11636.76
100872,6/25/2024,6/28/2024,7/2/2024,C2031,Africa,Egypt,P99301,Power Bank,Electronics,S124,Crescent Logistics,Europe,WH 10,Cairo,Rail,459,68.26,31331.34,21.85,4,1530,Delivered,6258.57
100873,1/12/2025,1/14/2025,1/25/2025,C7081,Europe,Spain,P20223,Denim Jeans,Apparel,S138,Pioneer Distribution,Europe,WH 06,Amsterdam,Rail,467,52.67,24596.89,16.33,11,2332,Delivered,3169.08
100874,4/4/2024,4/4/2024,4/5/2024,C9559,Europe,Italy,P10064,Shampoo Pack,FMCG,S327,Vertex Manufacturing,Asia,WH 05,Frankfurt,Air,251,44.99,11292.49,44.78,1,3163,Delivered,1611.51
100875,6/3/2024,6/5/2024,6/21/2024,C4506,Asia,Vietnam,P58226,Floor Lamp,Furniture,S715,Evergreen Partners,Europe,WH 06,Amsterdam,Sea,381,303.84,115763.04,14.96,16,161,Delivered,28482.23
100876,9/9/2024,9/13/2024,9/26/2024,C6422,North America,Mexico,P24407,Detergent Bag,FMCG,S362,Crescent Logistics,Africa,WH 09,Johannesburg,Sea,331,45.09,14924.79,14.05,13,361,Delivered,1343.47
100877,9/17/2025,9/18/2025,9/30/2025,C4925,Asia,Malaysia,P93828,Face Mask Box,Healthcare,S896,Atlas Sourcing,Africa,WH 08,Chicago,Sea,11,65.96,725.56,8.22,12,1474,Delivered,78.38
100878,8/6/2025,8/8/2025,8/22/2025,C5860,North America,United States,P13729,Study Table,Furniture,S731,Atlas Sourcing,North America,WH 07,Toronto,Rail,74,45.25,3348.5,9.25,14,1464,Delivered,647.34
100879,9/18/2024,9/18/2024,10/12/2024,C2225,Africa,Kenya,P22196,Vitamin Pack,Healthcare,S254,Evergreen Partners,Asia,WH 01,Karachi,Sea,22,76.8,1689.6,8.42,24,4105,Delivered,118.75
100880,6/4/2025,6/5/2025,6/15/2025,C2301,Africa,South Africa,P16858,Storage Cabinet,Furniture,S858,Evergreen Partners,Middle East,WH 02,Lahore,Rail,244,124.03,30263.32,16.62,10,1598,Delivered,8177.89
100881,12/20/2024,12/23/2024,12/31/2024,C4833,Middle East,Saudi Arabia,P10395,Router,Electronics,S545,Orion Supplies,Middle East,WH 04,Istanbul,Rail,103,209.84,21613.52,9.77,8,900,In Transit,4509.88
100882,9/19/2025,9/19/2025,10/8/2025,C9539,North America,Canada,P11263,Shampoo Pack,FMCG,S669,Orion Supplies,Middle East,WH 05,Frankfurt,Sea,344,25.51,8775.44,14.29,19,2373,Delivered,547.83
100883,1/23/2024,1/26/2024,2/18/2024,C3646,Middle East,Turkey,P26650,Vitamin Pack,Healthcare,S514,Pioneer Distribution,Middle East,WH 03,Dubai,Sea,143,80.42,11500.06,7.87,23,1222,Delivered,2259.65
100884,1/28/2024,1/31/2024,2/9/2024,C3318,Europe,Sweden,P52719,Sportswear Set,Apparel,S750,Orion Supplies,Asia,WH 07,Toronto,Rail,289,40.72,11768.08,17.71,9,1459,Delivered,2863.6
100885,3/3/2025,3/7/2025,3/9/2025,C2617,Africa,South Africa,P53016,Sportswear Set,Apparel,S596,Nova Industrial,Africa,WH 09,Johannesburg,Air,222,31.21,6928.62,31.78,2,2637,Delivered,1252.93
100886,9/1/2024,9/1/2024,9/17/2024,C4892,Asia,Indonesia,P55104,T Shirt Bundle,Apparel,S561,Summit Supply Co,North America,WH 01,Karachi,Sea,87,56.47,4912.89,9.6,16,1531,Delivered,888.54
100887,4/7/2025,4/10/2025,4/16/2025,C1827,Middle East,Qatar,P35465,Storage Cabinet,Furniture,S752,Orion Supplies,North America,WH 06,Amsterdam,Road,417,143.42,59806.14,24.3,6,900,Delivered,9545.23
100888,8/18/2025,8/23/2025,9/15/2025,C7749,Africa,South Africa,P43064,First Aid Kit,Healthcare,S705,Crescent Logistics,North America,WH 04,Istanbul,Sea,66,65.79,4342.14,9.22,23,4311,Delivered,588.82
100889,3/8/2024,3/8/2024,3/16/2024,C6069,Middle East,Turkey,P29623,Toothpaste Box,FMCG,S508,Zenith Procurement,North America,WH 05,Frankfurt,Road,34,8.26,280.84,13.44,8,1425,Delivered,6.32
100890,4/29/2024,5/1/2024,5/11/2024,C4232,North America,United States,P30128,Wireless Earbuds,Electronics,S177,Zenith Procurement,Middle East,WH 08,Chicago,Rail,47,234.75,11033.25,11.83,10,1613,Delivered,1807.38
100891,8/31/2025,9/5/2025,9/15/2025,C6739,Middle East,Turkey,P79506,Hand Sanitizer Case,Healthcare,S910,Pioneer Distribution,Africa,WH 06,Amsterdam,Road,56,59.91,3354.96,14.06,10,1380,Delivered,242.43
100892,6/5/2025,6/10/2025,6/20/2025,C1014,Europe,Spain,P94335,Bluetooth Speaker,Electronics,S737,Evergreen Partners,Europe,WH 05,Frankfurt,Road,350,440.49,154171.5,16.59,10,749,Delivered,23047.41
100893,5/28/2024,5/31/2024,6/5/2024,C4890,Asia,India,P27175,T Shirt Bundle,Apparel,S251,Crescent Logistics,Middle East,WH 03,Dubai,Road,233,41.55,9681.15,19.08,5,1723,Delivered,1327.89
100894,12/16/2024,12/17/2024,1/2/2025,C6162,Africa,South Africa,P53473,Sportswear Set,Apparel,S139,Summit Supply Co,Europe,WH 08,Chicago,Sea,312,105.15,32806.8,13.71,16,1148,Delivered,5161.01
100895,2/5/2024,2/9/2024,2/11/2024,C6142,Middle East,Oman,P98782,Wireless Earbuds,Electronics,S190,Atlas Sourcing,Asia,WH 01,Karachi,Air,399,133.09,53102.91,54.37,2,599,Delivered,9737.99
100896,2/7/2024,2/11/2024,2/24/2024,C7211,Africa,Nigeria,P52723,Storage Cabinet,Furniture,S222,Zenith Procurement,North America,WH 08,Chicago,Sea,182,349.8,63663.6,11.34,13,828,Delivered,15099.45
100897,6/21/2025,6/23/2025,6/30/2025,C2935,Middle East,Qatar,P52213,First Aid Kit,Healthcare,S158,Nova Industrial,Europe,WH 05,Frankfurt,Rail,105,36.18,3798.9,13.24,7,2085,Delivered,587.06
100898,6/20/2025,6/25/2025,7/6/2025,C5204,Middle East,Qatar,P44136,T Shirt Bundle,Apparel,S365,Crescent Logistics,North America,WH 05,Frankfurt,Sea,231,41.87,9671.97,12.23,11,1667,Delivered,994.11
100899,5/21/2024,5/25/2024,6/13/2024,C6378,Europe,Netherlands,P81094,Detergent Bag,FMCG,S210,Nova Industrial,Europe,WH 03,Dubai,Rail,241,21.22,5114.02,12.26,19,830,Delayed,623.79
100900,11/26/2025,11/26/2025,12/8/2025,C6429,Europe,France,P58634,Bluetooth Speaker,Electronics,S445,Zenith Procurement,Africa,WH 03,Dubai,Sea,90,187.43,16868.7,9.66,12,836,Delivered,1933.81
100901,10/30/2025,11/1/2025,11/13/2025,C4959,North America,Canada,P57289,Toothpaste Box,FMCG,S781,Summit Supply Co,Asia,WH 06,Amsterdam,Rail,213,33.24,7080.12,15.87,12,3013,Delayed,361.68
100902,10/17/2025,10/21/2025,10/24/2025,C3303,Europe,Italy,P62833,Storage Cabinet,Furniture,S784,Crescent Logistics,Africa,WH 05,Frankfurt,Air,159,132.39,21050.01,38.82,3,1132,Delivered,2709.23
100903,1/1/2025,1/4/2025,1/14/2025,C2590,Asia,Malaysia,P32388,Study Table,Furniture,S819,Pioneer Distribution,North America,WH 03,Dubai,Road,72,124.79,8984.88,14.52,10,1611,Delivered,2185.35
100904,8/3/2025,8/3/2025,8/10/2025,C1793,Africa,Morocco,P29483,Hoodie,Apparel,S907,Pioneer Distribution,North America,WH 10,Cairo,Road,408,84.68,34549.44,24.04,7,2747,Delivered,9142.91
100905,7/8/2024,7/11/2024,7/31/2024,C6413,Africa,Egypt,P81310,T Shirt Bundle,Apparel,S279,Pioneer Distribution,Asia,WH 03,Dubai,Sea,294,75.65,22241.1,13.38,20,1617,In Transit,6479.12
100906,11/11/2024,11/16/2024,11/21/2024,C7856,North America,United States,P45200,Storage Cabinet,Furniture,S413,Atlas Sourcing,Middle East,WH 06,Amsterdam,Road,268,244.22,65450.96,20.07,5,966,Delivered,9502.08
100907,1/6/2025,1/8/2025,1/16/2025,C2379,North America,United States,P19675,First Aid Kit,Healthcare,S602,Vertex Manufacturing,Africa,WH 04,Istanbul,Road,36,66.22,2383.92,13.49,8,1000,Delivered,189.91
100908,7/4/2024,7/9/2024,7/14/2024,C3126,Europe,Germany,P63013,Router,Electronics,S883,Pioneer Distribution,Asia,WH 09,Johannesburg,Air,41,305.7,12533.7,31.17,5,1215,Delivered,1366.12
100909,7/8/2025,7/11/2025,7/20/2025,C3567,Europe,Spain,P25233,Socks Pack,Apparel,S151,Vertex Manufacturing,Africa,WH 01,Karachi,Rail,54,62.49,3374.46,12,9,961,Delivered,867.17
100910,9/18/2024,9/21/2024,9/24/2024,C2976,Middle East,Saudi Arabia,P58328,Bookshelf,Furniture,S112,Evergreen Partners,North America,WH 01,Karachi,Air,452,143.76,64979.52,57.8,3,335,In Transit,12666.95
100911,5/12/2025,5/12/2025,5/13/2025,C7094,North America,Canada,P71471,Sportswear Set,Apparel,S709,Summit Supply Co,Asia,WH 04,Istanbul,Air,52,81.36,4230.72,31.88,1,1995,Delivered,1126.29
100912,7/28/2025,7/30/2025,8/13/2025,C7180,Middle East,Oman,P67435,Denim Jeans,Apparel,S919,Evergreen Partners,Middle East,WH 03,Dubai,Rail,194,112.2,21766.8,11.41,14,1721,Delivered,1978.41
100913,4/16/2025,4/19/2025,4/27/2025,C7655,Europe,France,P36485,Sportswear Set,Apparel,S675,Summit Supply Co,North America,WH 02,Lahore,Road,21,67.72,1422.12,13.07,8,1347,Delivered,215.71
100914,8/31/2024,9/3/2024,9/15/2024,C6786,Asia,Pakistan,P48174,Bookshelf,Furniture,S268,Evergreen Partners,Europe,WH 09,Johannesburg,Rail,429,122.32,52475.28,21.12,12,867,Delivered,14211.16
100915,7/6/2025,7/9/2025,7/15/2025,C2018,Africa,Kenya,P61105,Toothpaste Box,FMCG,S266,Evergreen Partners,North America,WH 09,Johannesburg,Rail,132,19.34,2552.88,13.9,6,2596,Delivered,423.9
100916,8/21/2024,8/22/2024,9/4/2024,C6497,Asia,Vietnam,P93984,Socks Pack,Apparel,S344,Nova Industrial,Middle East,WH 09,Johannesburg,Rail,215,58.88,12659.2,15.92,13,866,Delivered,990.34
100917,8/27/2024,8/27/2024,9/10/2024,C4667,Europe,Germany,P12246,Smart Watch,Electronics,S654,Nova Industrial,North America,WH 08,Chicago,Rail,497,361,179417,22.77,14,900,Delivered,38210.95
100918,2/28/2024,3/3/2024,3/11/2024,C3800,North America,Canada,P46719,Bottled Water Case,FMCG,S441,Atlas Sourcing,Asia,WH 02,Lahore,Road,107,25.52,2730.64,15.51,8,1752,Delivered,334.66
100919,6/9/2025,6/13/2025,6/23/2025,C2846,Middle East,United Arab Emirates,P56491,Hand Sanitizer Case,Healthcare,S977,Vertex Manufacturing,Middle East,WH 10,Cairo,Air,226,18.91,4273.66,31.97,10,4331,Delivered,812.79
100920,3/9/2024,3/11/2024,3/21/2024,C6858,North America,Mexico,P76480,Office Chair,Furniture,S587,Zenith Procurement,Africa,WH 10,Cairo,Rail,440,138.19,60803.6,21.38,10,279,Delivered,9634.98
100921,3/22/2024,3/27/2024,4/3/2024,C4145,North America,United States,P17802,Vitamin Pack,Healthcare,S315,Crescent Logistics,North America,WH 08,Chicago,Road,299,21.57,6449.43,15.52,7,1122,Delivered,967.5
100922,1/23/2025,1/24/2025,2/14/2025,C8000,North America,United States,P13512,Wireless Earbuds,Electronics,S880,Zenith Procurement,Middle East,WH 06,Amsterdam,Sea,393,365.46,143625.78,15.18,21,613,Delivered,14800.7
100923,11/7/2024,11/11/2024,11/20/2024,C8611,North America,Canada,P55414,Vitamin Pack,Healthcare,S467,Summit Supply Co,Europe,WH 03,Dubai,Road,178,50.27,8948.06,17.52,9,3229,Delivered,1451.74
100924,3/12/2025,3/16/2025,3/20/2025,C5308,Africa,Kenya,P84855,Hand Sanitizer Case,Healthcare,S291,Zenith Procurement,North America,WH 05,Frankfurt,Road,438,28.68,12561.84,24.89,4,1603,Delivered,1431.8
100925,7/24/2025,7/24/2025,7/29/2025,C9802,Asia,Indonesia,P33901,Hand Sanitizer Case,Healthcare,S787,Crescent Logistics,Asia,WH 03,Dubai,Air,271,62.77,17010.67,34.13,5,3460,Delivered,1604.35
100926,3/4/2024,3/8/2024,3/11/2024,C3517,North America,Canada,P97725,Bookshelf,Furniture,S172,Crescent Logistics,Asia,WH 04,Istanbul,Air,93,318.22,29594.46,34.54,3,1531,Delivered,5121.7
100927,7/21/2024,7/21/2024,8/4/2024,C9509,Africa,Kenya,P97221,Detergent Bag,FMCG,S714,Vertex Manufacturing,Africa,WH 09,Johannesburg,Sea,325,39.36,12792,10.33,14,3996,Delivered,1503.46
100928,5/9/2025,5/10/2025,5/14/2025,C6541,Middle East,Oman,P59986,Bluetooth Speaker,Electronics,S293,Crescent Logistics,Asia,WH 08,Chicago,Road,317,311.3,98682.1,21.46,4,555,Delivered,11390.66
100929,8/30/2025,9/1/2025,9/6/2025,C9383,North America,Mexico,P78099,Denim Jeans,Apparel,S629,Pioneer Distribution,Africa,WH 09,Johannesburg,Air,316,115.01,36343.16,48.99,5,271,Delivered,7272
100930,10/27/2024,10/27/2024,11/1/2024,C3562,Europe,Poland,P16641,T Shirt Bundle,Apparel,S627,BlueRiver Trading,Europe,WH 03,Dubai,Air,407,14.81,6027.67,40.66,5,3484,Delivered,1135.03
100931,5/8/2024,5/9/2024,5/19/2024,C3261,Europe,Italy,P37215,Toothpaste Box,FMCG,S874,Crescent Logistics,Asia,WH 07,Toronto,Sea,144,45.01,6481.44,10.64,10,4781,Delivered,729.03
100932,4/3/2025,4/7/2025,4/13/2025,C5959,Asia,Pakistan,P92979,Floor Lamp,Furniture,S178,Orion Supplies,Europe,WH 02,Lahore,Road,284,227.89,64720.76,20.53,6,723,Delivered,14714.24
100933,5/25/2025,5/25/2025,6/3/2025,C8245,Africa,Morocco,P77641,Power Bank,Electronics,S629,BlueRiver Trading,North America,WH 01,Karachi,Road,217,449.74,97593.58,18.63,9,1208,Delivered,11943.94
100934,2/13/2024,2/15/2024,2/22/2024,C7642,North America,Mexico,P90913,Bluetooth Speaker,Electronics,S704,BlueRiver Trading,Africa,WH 04,Istanbul,Road,492,211.04,103831.68,26.42,7,1221,Delivered,9086.65
100935,3/6/2024,3/10/2024,4/2/2024,C5076,Europe,Poland,P42925,T Shirt Bundle,Apparel,S709,BlueRiver Trading,Europe,WH 05,Frankfurt,Sea,167,102.71,17152.57,8.19,23,3053,Delivered,1934.06
100936,3/11/2024,3/11/2024,3/14/2024,C7953,North America,United States,P62182,Thermometer,Healthcare,S279,Atlas Sourcing,Africa,WH 10,Cairo,Air,125,48.57,6071.25,36.61,3,3276,Delivered,1121.94
100937,3/14/2025,3/16/2025,3/25/2025,C8282,Asia,Vietnam,P36539,Vitamin Pack,Healthcare,S335,Summit Supply Co,Europe,WH 04,Istanbul,Road,347,12.94,4490.18,22.31,9,1987,Delivered,710.41
100938,3/22/2024,3/25/2024,3/30/2024,C7513,Europe,Sweden,P14642,Vitamin Pack,Healthcare,S634,BlueRiver Trading,Europe,WH 09,Johannesburg,Air,115,74.01,8511.15,26.64,5,2474,Delivered,980.21
100939,11/10/2024,11/14/2024,12/1/2024,C4177,North America,Mexico,P80047,First Aid Kit,Healthcare,S656,Pioneer Distribution,Asia,WH 03,Dubai,Rail,307,27.91,8568.37,18.15,17,1744,Delayed,938.09
100940,12/7/2025,12/9/2025,12/11/2025,C2145,Middle East,Oman,P84638,Detergent Bag,FMCG,S334,Atlas Sourcing,Middle East,WH 02,Lahore,Air,340,20.75,7055,37.44,2,3305,Delivered,520.21
100941,11/26/2024,11/28/2024,12/2/2024,C9045,Asia,Malaysia,P62129,Router,Electronics,S327,Crescent Logistics,Middle East,WH 06,Amsterdam,Air,203,182.87,37122.61,41.67,4,1316,Delivered,7741.54
100942,10/14/2024,10/15/2024,10/17/2024,C3742,Africa,South Africa,P47403,Wireless Earbuds,Electronics,S429,Pioneer Distribution,Asia,WH 07,Toronto,Air,479,212.38,101730.02,59.55,2,583,Delivered,10339.91
100943,5/1/2024,5/2/2024,5/5/2024,C3971,Middle East,Turkey,P15539,Sportswear Set,Apparel,S425,Atlas Sourcing,Africa,WH 07,Toronto,Air,146,71.72,10471.12,37.97,3,993,Delivered,306.69
100944,2/12/2025,2/16/2025,2/23/2025,C1782,Middle East,Saudi Arabia,P60659,Power Bank,Electronics,S860,Zenith Procurement,Europe,WH 01,Karachi,Air,114,385.92,43994.88,35.9,7,1056,Delivered,8970.04
100945,11/8/2024,11/11/2024,11/15/2024,C3686,Asia,Malaysia,P18382,Storage Cabinet,Furniture,S770,BlueRiver Trading,Asia,WH 03,Dubai,Rail,340,334.08,113587.2,14.04,4,1692,Delivered,31674.71
100946,11/28/2025,12/2/2025,12/11/2025,C9678,Middle East,Turkey,P42521,Smart Watch,Electronics,S760,BlueRiver Trading,North America,WH 04,Istanbul,Rail,256,263.51,67458.56,16.91,9,590,Delivered,14380.25
100947,10/5/2025,10/8/2025,10/9/2025,C7196,Europe,Netherlands,P95827,Office Chair,Furniture,S292,Atlas Sourcing,Middle East,WH 08,Chicago,Air,88,185.44,16318.72,34.21,1,247,Delivered,3201.57
100948,12/23/2025,12/27/2025,12/29/2025,C4989,Africa,Morocco,P72805,Sportswear Set,Apparel,S897,Zenith Procurement,Middle East,WH 10,Cairo,Air,181,111.66,20210.46,40.24,2,2160,Delivered,5566.82
100949,7/7/2024,7/7/2024,7/12/2024,C7820,Middle East,Turkey,P18512,Denim Jeans,Apparel,S985,Pioneer Distribution,Asia,WH 02,Lahore,Rail,344,28.52,9810.88,19.05,5,3062,Cancelled,-202.55
100950,1/16/2025,1/19/2025,1/20/2025,C1004,Middle East,Oman,P28782,Toothpaste Box,FMCG,S682,Orion Supplies,Asia,WH 01,Karachi,Air,474,17.24,8171.76,59.23,1,4520,Delivered,384.84
100951,6/1/2024,6/5/2024,6/11/2024,C4521,Middle East,United Arab Emirates,P76836,Bottled Water Case,FMCG,S551,Vertex Manufacturing,North America,WH 03,Dubai,Road,437,21.57,9426.09,24.86,6,3589,Delivered,462.7
100952,12/11/2025,12/16/2025,12/21/2025,C9171,Africa,Morocco,P29874,Bluetooth Speaker,Electronics,S306,Summit Supply Co,Middle East,WH 08,Chicago,Air,183,257.48,47118.84,40.37,5,1109,Delivered,4423.38
100953,8/28/2024,9/1/2024,9/17/2024,C4324,North America,Mexico,P56221,Floor Lamp,Furniture,S913,Summit Supply Co,North America,WH 09,Johannesburg,Sea,152,185.87,28252.24,7.99,16,57,Cancelled,-27.27
100954,2/11/2025,2/16/2025,2/17/2025,C1578,Africa,Morocco,P67290,Bluetooth Speaker,Electronics,S486,Evergreen Partners,Asia,WH 07,Toronto,Air,421,173.99,73249.79,55.79,1,1426,Delivered,10591.33
100955,5/19/2024,5/19/2024,5/30/2024,C2887,North America,Canada,P92911,Floor Lamp,Furniture,S208,Orion Supplies,Asia,WH 03,Dubai,Rail,494,75.6,37346.4,22.7,11,1789,Delivered,4567.37
100956,3/13/2024,3/13/2024,3/17/2024,C9581,Europe,Spain,P95333,Study Table,Furniture,S389,Nova Industrial,Middle East,WH 08,Chicago,Air,65,270.15,17559.75,32.72,4,475,Delivered,2530.24
100957,4/23/2025,4/24/2025,5/3/2025,C6083,Africa,Egypt,P18816,Thermometer,Healthcare,S129,Vertex Manufacturing,Middle East,WH 08,Chicago,Road,137,14.91,2042.67,16.36,9,1278,Delivered,218.71
100958,1/25/2025,1/25/2025,2/8/2025,C1171,Africa,South Africa,P63294,Bookshelf,Furniture,S725,Pioneer Distribution,Africa,WH 07,Toronto,Sea,284,297.93,84612.12,9.77,14,502,Delivered,19115.58
100959,6/24/2024,6/29/2024,7/6/2024,C9359,North America,Canada,P13685,Bluetooth Speaker,Electronics,S185,Vertex Manufacturing,Asia,WH 03,Dubai,Air,151,84.06,12693.06,38.3,7,1798,Delivered,1717.9
100960,7/1/2024,7/4/2024,7/6/2024,C3291,North America,Mexico,P11532,Vitamin Pack,Healthcare,S450,Zenith Procurement,Middle East,WH 02,Lahore,Air,276,88.11,24318.36,46.4,2,438,Delivered,2286.39
100961,9/2/2024,9/3/2024,9/14/2024,C3258,North America,Canada,P46509,Bookshelf,Furniture,S669,Orion Supplies,Europe,WH 04,Istanbul,Rail,95,252.57,23994.15,13,11,1707,Delivered,3660.01
100962,1/19/2025,1/22/2025,2/6/2025,C3804,North America,Mexico,P27610,Bluetooth Speaker,Electronics,S360,Nova Industrial,Asia,WH 06,Amsterdam,Sea,187,177.72,33233.64,11.43,15,835,Delivered,5468.93
100963,3/5/2025,3/9/2025,4/2/2025,C9631,Asia,Indonesia,P97388,T Shirt Bundle,Apparel,S994,Pioneer Distribution,Middle East,WH 10,Cairo,Sea,421,52.22,21984.62,15.69,24,3146,In Transit,3392.17
100964,12/30/2024,1/1/2025,1/5/2025,C6297,North America,United States,P35511,Storage Cabinet,Furniture,S481,Orion Supplies,North America,WH 07,Toronto,Rail,232,128.64,29844.48,12.1,4,1262,Delivered,7939.31
100965,3/17/2025,3/21/2025,4/1/2025,C7940,North America,Mexico,P94590,Power Bank,Electronics,S877,BlueRiver Trading,Europe,WH 06,Amsterdam,Rail,100,297.78,29778,13.12,11,792,Delivered,2498.75
100966,9/23/2024,9/28/2024,10/3/2024,C4333,Africa,Nigeria,P50002,Detergent Bag,FMCG,S673,Nova Industrial,North America,WH 07,Toronto,Rail,142,31.47,4468.74,14.14,5,811,Delivered,658.54
100967,2/8/2025,2/10/2025,3/5/2025,C2701,Middle East,United Arab Emirates,P18496,First Aid Kit,Healthcare,S814,Nova Industrial,North America,WH 01,Karachi,Sea,242,81.56,19737.52,12.43,23,3007,Cancelled,-97.84
100968,5/21/2025,5/21/2025,5/28/2025,C5587,Africa,Egypt,P47690,Detergent Bag,FMCG,S946,BlueRiver Trading,Africa,WH 02,Lahore,Air,45,45.27,2037.15,23.28,7,1400,Delivered,148.62
100969,5/1/2024,5/4/2024,5/7/2024,C5029,North America,United States,P57345,Thermometer,Healthcare,S721,Pioneer Distribution,Middle East,WH 04,Istanbul,Air,123,28.12,3458.76,36.48,3,1517,Delivered,229.65
100970,2/19/2024,2/22/2024,2/25/2024,C8399,Asia,China,P11908,Socks Pack,Apparel,S910,Nova Industrial,Middle East,WH 09,Johannesburg,Air,347,14.66,5087.02,51,3,1493,Delivered,771.87
100971,5/28/2025,5/31/2025,6/4/2025,C6311,Europe,Spain,P84893,Bookshelf,Furniture,S759,Vertex Manufacturing,Africa,WH 08,Chicago,Air,98,335.82,32910.36,34.86,4,1037,In Transit,4483.92
100972,1/16/2024,1/17/2024,2/6/2024,C6154,Asia,China,P98176,First Aid Kit,Healthcare,S407,Vertex Manufacturing,Middle East,WH 04,Istanbul,Sea,408,18.71,7633.68,15.45,20,1839,Delivered,623.63
100973,2/3/2024,2/5/2024,2/15/2024,C4600,North America,Mexico,P54109,Thermometer,Healthcare,S817,Evergreen Partners,Africa,WH 01,Karachi,Rail,311,75.76,23561.36,18.25,10,3144,Delivered,3866.32
100974,11/20/2025,11/21/2025,12/8/2025,C8518,North America,Canada,P93098,Toothpaste Box,FMCG,S883,Crescent Logistics,North America,WH 07,Toronto,Sea,275,12.64,3476,9.65,17,827,Delivered,594.16
100975,1/30/2024,1/30/2024,2/7/2024,C7820,North America,United States,P52800,Bottled Water Case,FMCG,S871,Nova Industrial,North America,WH 03,Dubai,Rail,201,23.18,4659.18,11.54,8,2438,Delivered,288.37
100976,9/14/2025,9/19/2025,9/21/2025,C3691,Africa,Kenya,P20222,Study Table,Furniture,S334,BlueRiver Trading,Europe,WH 04,Istanbul,Air,287,273.27,78428.49,47.11,2,1684,Delivered,14630.59
100977,4/26/2024,4/26/2024,5/5/2024,C5901,Europe,Sweden,P52889,Sportswear Set,Apparel,S397,Pioneer Distribution,Africa,WH 07,Toronto,Road,302,57.64,17407.28,21.04,9,1825,Delivered,4793.73
100978,3/22/2024,3/25/2024,3/30/2024,C7416,Asia,India,P20633,Snack Carton,FMCG,S885,Crescent Logistics,Asia,WH 05,Frankfurt,Rail,287,35.99,10329.13,13.09,5,2912,Delivered,1306.54
100979,10/13/2024,10/14/2024,10/17/2024,C8625,Africa,Kenya,P10094,Power Bank,Electronics,S592,Orion Supplies,Asia,WH 02,Lahore,Air,262,233.59,61200.58,45.49,3,1096,Delivered,10745.26
100980,4/18/2024,4/18/2024,4/20/2024,C2946,Africa,Nigeria,P50078,Power Bank,Electronics,S136,Zenith Procurement,Asia,WH 07,Toronto,Air,195,134.83,26291.85,41.15,2,303,Delivered,5173.77
100981,8/17/2024,8/22/2024,9/9/2024,C7042,Europe,Germany,P40982,Thermometer,Healthcare,S428,BlueRiver Trading,Africa,WH 10,Cairo,Sea,372,56.75,21111,14.8,18,4051,Delivered,2176.84
100982,11/3/2024,11/8/2024,11/12/2024,C8868,Middle East,United Arab Emirates,P34003,Detergent Bag,FMCG,S350,BlueRiver Trading,North America,WH 06,Amsterdam,Air,333,21.65,7209.45,50.09,4,3967,Delivered,1212.89
100983,3/23/2025,3/24/2025,3/31/2025,C6153,Europe,Spain,P44370,Toothpaste Box,FMCG,S308,BlueRiver Trading,Europe,WH 04,Istanbul,Rail,327,29.94,9790.38,13.81,7,2948,Delivered,1527.46
100984,3/27/2024,3/27/2024,4/1/2024,C4651,Middle East,Oman,P20431,Socks Pack,Apparel,S639,Orion Supplies,Middle East,WH 09,Johannesburg,Air,279,61.68,17208.72,34.51,5,2274,Delivered,1965.79
100985,10/10/2025,10/13/2025,10/15/2025,C9308,Asia,Bangladesh,P39654,Face Mask Box,Healthcare,S432,Pioneer Distribution,Europe,WH 05,Frankfurt,Air,320,60.89,19484.8,49.25,2,2893,Delivered,1463.1
100986,9/9/2024,9/9/2024,10/3/2024,C7953,North America,Canada,P75907,Hoodie,Apparel,S859,Orion Supplies,Africa,WH 01,Karachi,Sea,374,118.68,44386.32,14.84,24,305,Delivered,9780.49
100987,4/26/2024,4/28/2024,5/7/2024,C8393,Europe,Italy,P79939,Face Mask Box,Healthcare,S574,Nova Industrial,North America,WH 02,Lahore,Road,403,55.03,22177.09,23.9,9,3611,Delivered,2375.17
100988,4/21/2024,4/23/2024,5/12/2024,C6426,Middle East,Oman,P51120,Power Bank,Electronics,S501,Nova Industrial,North America,WH 02,Lahore,Sea,87,238.86,20780.82,9.6,19,1606,Delivered,3620.24
100989,3/13/2025,3/18/2025,4/12/2025,C5768,North America,United States,P39945,Bottled Water Case,FMCG,S862,Zenith Procurement,Middle East,WH 01,Karachi,Sea,432,32.95,14234.4,15.89,25,2018,Delayed,2277.65
100990,4/19/2024,4/22/2024,4/25/2024,C1284,Asia,Vietnam,P26246,Floor Lamp,Furniture,S520,Evergreen Partners,North America,WH 07,Toronto,Air,122,165,20130,36.42,3,1544,Cancelled,-191.55
100991,3/2/2025,3/2/2025,3/4/2025,C8699,Europe,Poland,P78165,Socks Pack,Apparel,S619,BlueRiver Trading,North America,WH 07,Toronto,Road,438,23.87,10455.06,24.89,2,885,Delivered,2370.01
100992,1/24/2024,1/25/2024,1/26/2024,C8179,Middle East,United Arab Emirates,P13712,Smart Watch,Electronics,S983,Pioneer Distribution,Europe,WH 01,Karachi,Air,443,298.99,132452.57,57.22,1,182,Delivered,20704.53
100993,9/23/2025,9/23/2025,9/30/2025,C1566,Europe,Poland,P91288,Hoodie,Apparel,S626,Vertex Manufacturing,Asia,WH 02,Lahore,Rail,46,104.7,4816.2,11.81,7,3049,Delivered,868.66
100994,1/8/2025,1/13/2025,1/29/2025,C1770,Europe,Netherlands,P37115,Detergent Bag,FMCG,S538,Evergreen Partners,North America,WH 08,Chicago,Sea,280,44.96,12588.8,13.12,16,2009,Delayed,1342.37
100995,2/8/2024,2/11/2024,2/17/2024,C5857,Europe,Italy,P26312,Detergent Bag,FMCG,S512,Zenith Procurement,North America,WH 04,Istanbul,Rail,443,30.73,13613.39,21.46,6,673,Delivered,1102.94
100996,12/16/2024,12/20/2024,12/24/2024,C8550,Middle East,Qatar,P78659,Bottled Water Case,FMCG,S753,Evergreen Partners,Africa,WH 04,Istanbul,Road,72,43.84,3156.48,14.52,4,3462,Delivered,512.51
100997,8/3/2025,8/6/2025,8/11/2025,C6360,Asia,Indonesia,P70558,First Aid Kit,Healthcare,S425,BlueRiver Trading,Middle East,WH 04,Istanbul,Road,192,83.66,16062.72,17.92,5,310,Delivered,2788.76
100998,10/28/2025,10/28/2025,11/2/2025,C9990,Europe,Germany,P39954,Storage Cabinet,Furniture,S897,Evergreen Partners,Africa,WH 05,Frankfurt,Air,158,299.91,47385.78,38.75,5,2061,Delivered,11231.24
100999,11/15/2024,11/20/2024,12/13/2024,C4039,Asia,Bangladesh,P43952,Detergent Bag,FMCG,S802,BlueRiver Trading,Asia,WH 09,Johannesburg,Sea,34,7.93,269.62,6.4,23,3813,In Transit,33.74
101000,11/6/2025,11/9/2025,11/14/2025,C4535,Middle East,Oman,P47622,Smart Watch,Electronics,S347,Atlas Sourcing,Europe,WH 05,Frankfurt,Rail,340,332.68,113111.2,18.95,5,1775,Delivered,18905.42
101001,2/1/2024,2/6/2024,2/9/2024,C3121,Middle East,Oman,P55678,Bottled Water Case,FMCG,S202,Atlas Sourcing,Africa,WH 04,Istanbul,Air,368,28.69,10557.92,52.36,3,772,Cancelled,-149.3
101002,3/19/2024,3/20/2024,3/25/2024,C5318,Europe,Spain,P20832,Bottled Water Case,FMCG,S365,Crescent Logistics,Asia,WH 05,Frankfurt,Air,164,21.73,3563.72,39.14,5,1127,Delivered,430.75
101003,1/14/2025,1/15/2025,1/18/2025,C6840,Europe,Netherlands,P25154,Study Table,Furniture,S742,Zenith Procurement,Africa,WH 08,Chicago,Air,279,144.38,40282.02,46.59,3,780,Delivered,5025.03
101004,7/5/2024,7/5/2024,7/9/2024,C1600,Asia,Malaysia,P62185,Snack Carton,FMCG,S450,Evergreen Partners,Europe,WH 07,Toronto,Road,18,38.69,696.42,12.98,4,832,Delivered,27.16
101005,4/12/2024,4/17/2024,4/30/2024,C1783,Africa,Nigeria,P97844,Bluetooth Speaker,Electronics,S431,Summit Supply Co,Asia,WH 01,Karachi,Rail,161,421.92,67929.12,14.6,13,698,Delivered,6536.9
101006,10/9/2024,10/14/2024,10/19/2024,C4526,Europe,Spain,P54361,Socks Pack,Apparel,S354,Vertex Manufacturing,Asia,WH 01,Karachi,Air,96,26.32,2526.72,34.73,5,2807,Delivered,253.21
101007,10/16/2024,10/19/2024,10/29/2024,C6962,Africa,Morocco,P96732,Bookshelf,Furniture,S196,Evergreen Partners,North America,WH 03,Dubai,Air,386,63.55,24530.3,53.52,10,1043,Delivered,3534.96
101008,4/20/2025,4/22/2025,4/27/2025,C6905,Africa,Kenya,P15054,Denim Jeans,Apparel,S792,Summit Supply Co,Middle East,WH 06,Amsterdam,Road,292,91.96,26852.32,20.75,5,767,Delivered,5331.87
101009,12/25/2025,12/29/2025,1/3/2026,C2139,Europe,Germany,P85164,Socks Pack,Apparel,S636,Evergreen Partners,Europe,WH 05,Frankfurt,Rail,449,112.2,50377.8,16,5,3156,Delivered,8119.63
101010,9/13/2024,9/13/2024,9/22/2024,C4046,North America,United States,P71743,Bottled Water Case,FMCG,S586,Nova Industrial,North America,WH 07,Toronto,Road,425,37.18,15801.5,18.16,9,3147,Delivered,1592.15
101011,10/19/2025,10/24/2025,10/26/2025,C7506,North America,Mexico,P60924,Socks Pack,Apparel,S270,Zenith Procurement,Middle East,WH 03,Dubai,Air,60,80.34,4820.4,32.4,2,814,Delivered,147.49
101012,12/28/2024,1/1/2025,1/3/2025,C4956,Middle East,Saudi Arabia,P82089,Face Mask Box,Healthcare,S825,Orion Supplies,Europe,WH 03,Dubai,Air,373,25.98,9690.54,52.68,2,3547,Delivered,1522.86
101013,4/17/2024,4/17/2024,4/22/2024,C5415,Europe,France,P62509,Power Bank,Electronics,S975,Nova Industrial,Europe,WH 08,Chicago,Road,338,379.1,128135.8,16.34,5,706,Delivered,20771.44
101014,6/6/2025,6/7/2025,6/12/2025,C8899,Asia,Malaysia,P56429,Power Bank,Electronics,S523,Zenith Procurement,Africa,WH 08,Chicago,Rail,480,320.22,153705.6,22.36,5,1166,Delivered,10227.18
101015,1/6/2025,1/11/2025,1/25/2025,C1254,Middle East,United Arab Emirates,P69051,Shampoo Pack,FMCG,S791,Zenith Procurement,Asia,WH 04,Istanbul,Rail,273,41.74,11395.02,17.33,14,3064,Delivered,1673.25
101016,4/21/2024,4/24/2024,4/27/2024,C1182,Europe,Sweden,P65892,Detergent Bag,FMCG,S880,Nova Industrial,Africa,WH 10,Cairo,Air,174,10.88,1893.12,39.79,3,2323,Delivered,65.24
101017,9/9/2025,9/10/2025,10/3/2025,C6785,Africa,South Africa,P30998,Thermometer,Healthcare,S296,Crescent Logistics,Middle East,WH 02,Lahore,Sea,330,77.18,25469.4,14.03,23,1888,Delivered,3208.1
101018,9/24/2025,9/26/2025,10/16/2025,C9669,Middle East,United Arab Emirates,P77902,T Shirt Bundle,Apparel,S491,Nova Industrial,Asia,WH 07,Toronto,Sea,488,50.15,24473.2,16.91,20,516,Delayed,6138.87
101019,1/13/2024,1/18/2024,1/22/2024,C8485,Africa,South Africa,P59527,Denim Jeans,Apparel,S188,Orion Supplies,Asia,WH 08,Chicago,Air,198,101.07,20011.86,41.34,4,599,Delivered,5118.92
101020,9/16/2024,9/20/2024,9/25/2024,C9339,Middle East,Qatar,P22943,Vitamin Pack,Healthcare,S166,Zenith Procurement,Asia,WH 10,Cairo,Rail,442,35.22,15567.24,21.43,5,4271,Delivered,1381.07
101021,5/7/2024,5/7/2024,5/12/2024,C7329,North America,Mexico,P44984,First Aid Kit,Healthcare,S783,Atlas Sourcing,Asia,WH 05,Frankfurt,Rail,269,21.92,5896.48,17.23,5,2768,Delivered,623.86
101022,4/19/2025,4/23/2025,4/26/2025,C5918,Asia,China,P71064,Router,Electronics,S884,Vertex Manufacturing,Middle East,WH 02,Lahore,Air,158,175.37,27708.46,38.75,3,180,Delivered,5350.62
101023,9/28/2025,10/1/2025,10/14/2025,C7731,North America,United States,P20965,Bottled Water Case,FMCG,S475,BlueRiver Trading,Asia,WH 04,Istanbul,Rail,167,23.66,3951.22,14.75,13,3336,Delivered,655.17
101024,4/17/2024,4/19/2024,5/14/2024,C3774,Middle East,Oman,P47117,Denim Jeans,Apparel,S969,BlueRiver Trading,North America,WH 08,Chicago,Sea,96,44.99,4319.04,9.77,25,2419,Delayed,634.51
101025,11/6/2024,11/7/2024,11/13/2024,C4743,North America,Mexico,P17159,First Aid Kit,Healthcare,S507,Zenith Procurement,Asia,WH 06,Amsterdam,Rail,16,44.08,705.28,11.08,6,4385,In Transit,82.7
101026,10/14/2024,10/16/2024,10/26/2024,C9083,Middle East,Oman,P91256,Floor Lamp,Furniture,S523,Nova Industrial,Africa,WH 10,Cairo,Sea,196,124.46,24394.16,11.59,10,2013,Delivered,2903.18
101027,7/18/2025,7/19/2025,7/25/2025,C3436,Asia,Vietnam,P15769,Bookshelf,Furniture,S407,Vertex Manufacturing,Europe,WH 07,Toronto,Rail,422,198.41,83729.02,20.95,6,1139,Delivered,11864.75
101028,7/5/2024,7/9/2024,7/20/2024,C8275,Asia,Pakistan,P92096,Hand Sanitizer Case,Healthcare,S664,Pioneer Distribution,Europe,WH 03,Dubai,Rail,339,28.18,9553.02,18.93,11,825,Delivered,1422.98
101029,7/16/2024,7/16/2024,7/24/2024,C3504,Africa,Morocco,P66795,Wireless Earbuds,Electronics,S352,Pioneer Distribution,Middle East,WH 02,Lahore,Rail,384,61.46,23600.64,20.02,8,325,Delivered,3285.81
101030,1/7/2024,1/10/2024,1/21/2024,C2148,North America,United States,P13086,Snack Carton,FMCG,S624,Atlas Sourcing,Africa,WH 07,Toronto,Rail,127,48.99,6221.73,13.78,11,659,Delivered,741.65
101031,6/4/2024,6/9/2024,6/19/2024,C7542,Africa,South Africa,P48233,Vitamin Pack,Healthcare,S294,Orion Supplies,Africa,WH 02,Lahore,Air,177,84.09,14883.93,29.62,10,1974,Delivered,2543.88
101032,5/27/2025,6/1/2025,6/14/2025,C4839,Middle East,United Arab Emirates,P54138,Storage Cabinet,Furniture,S272,Nova Industrial,North America,WH 05,Frankfurt,Rail,139,61.95,8611.05,14.07,13,601,Delivered,2130.51
101033,5/13/2024,5/15/2024,5/18/2024,C1458,Africa,South Africa,P26066,Power Bank,Electronics,S725,Crescent Logistics,Europe,WH 07,Toronto,Road,168,433.5,72828,17.24,3,989,Delivered,11350.93
101034,3/7/2024,3/12/2024,3/20/2024,C8711,Asia,Malaysia,P96900,Hoodie,Apparel,S138,Vertex Manufacturing,Middle East,WH 08,Chicago,Road,361,97.15,35071.15,22.71,8,355,In Transit,6262.21
101035,9/5/2024,9/6/2024,9/14/2024,C5930,North America,United States,P33398,Toothpaste Box,FMCG,S801,BlueRiver Trading,Africa,WH 05,Frankfurt,Air,147,37.7,5541.9,38.04,8,1241,Delivered,328.3
101036,6/21/2025,6/26/2025,7/2/2025,C4656,Middle East,Turkey,P97154,Bluetooth Speaker,Electronics,S150,Evergreen Partners,Asia,WH 01,Karachi,Road,378,227.05,85824.9,23.19,6,1588,Delivered,10724.33
101037,9/18/2025,9/20/2025,10/8/2025,C5363,Middle East,Oman,P77699,Storage Cabinet,Furniture,S699,Pioneer Distribution,North America,WH 10,Cairo,Sea,327,209.84,68617.68,13.98,18,1402,In Transit,14656.36
101038,1/16/2025,1/17/2025,1/19/2025,C7098,Middle East,Qatar,P15280,Smart Watch,Electronics,S248,Crescent Logistics,Asia,WH 04,Istanbul,Air,126,298.74,37641.24,36.68,2,863,Delivered,6316.66
101039,8/21/2024,8/23/2024,8/26/2024,C7168,Asia,China,P92633,Shampoo Pack,FMCG,S884,Atlas Sourcing,Middle East,WH 03,Dubai,Road,45,7.24,325.8,13.75,3,1163,Delivered,44.02
101040,8/13/2025,8/16/2025,8/27/2025,C6106,Middle East,Turkey,P47204,Shampoo Pack,FMCG,S909,Nova Industrial,Middle East,WH 03,Dubai,Sea,266,47.94,12752.04,9.53,11,3937,Delivered,1987.54
101041,11/25/2024,11/27/2024,12/10/2024,C5682,Middle East,United Arab Emirates,P21154,Smart Watch,Electronics,S714,Crescent Logistics,Middle East,WH 08,Chicago,Rail,353,262.01,92489.53,14.27,13,879,Delivered,10063.98
101042,1/22/2024,1/25/2024,2/6/2024,C2248,Asia,Vietnam,P36234,Storage Cabinet,Furniture,S137,Atlas Sourcing,Europe,WH 05,Frankfurt,Rail,500,111.23,55615,22.84,12,2067,Delivered,15201.04
101043,10/22/2025,10/26/2025,10/30/2025,C8512,Asia,Bangladesh,P33289,Bluetooth Speaker,Electronics,S419,Evergreen Partners,Middle East,WH 08,Chicago,Rail,186,363.71,67650.06,15.21,4,1233,Delivered,14141.21
101044,10/9/2024,10/9/2024,10/16/2024,C8409,Asia,Malaysia,P91909,Floor Lamp,Furniture,S469,Summit Supply Co,Africa,WH 10,Cairo,Air,298,333.42,99359.16,47.82,7,1343,Delivered,21636.82
101045,5/12/2024,5/15/2024,5/27/2024,C1037,Europe,Poland,P58503,Router,Electronics,S659,Orion Supplies,Middle East,WH 10,Cairo,Rail,114,319.11,36378.54,13.46,12,638,Delivered,5511.54
101046,1/17/2025,1/20/2025,1/25/2025,C3674,Africa,South Africa,P32820,Sportswear Set,Apparel,S148,Pioneer Distribution,Asia,WH 08,Chicago,Air,76,88.55,6729.8,33.44,5,2226,Delivered,718.96
101047,7/3/2024,7/4/2024,7/11/2024,C4787,Middle East,Oman,P24333,Smart Watch,Electronics,S939,Nova Industrial,Europe,WH 08,Chicago,Air,457,390.41,178417.37,58.13,7,982,Delivered,22095.69
101048,8/27/2025,8/31/2025,9/4/2025,C2104,Middle East,Saudi Arabia,P93190,First Aid Kit,Healthcare,S954,Vertex Manufacturing,North America,WH 10,Cairo,Air,146,55.67,8127.82,37.97,4,1530,Delivered,1068.8
101049,7/21/2025,7/21/2025,8/3/2025,C9313,Europe,Italy,P72126,Floor Lamp,Furniture,S612,Zenith Procurement,Middle East,WH 03,Dubai,Rail,487,141.79,69051.73,22.53,13,640,Delivered,13624.89
101050,1/17/2025,1/20/2025,1/30/2025,C8101,North America,Mexico,P68920,Power Bank,Electronics,S572,Crescent Logistics,Europe,WH 04,Istanbul,Sea,124,103.41,12822.84,10.28,10,487,In Transit,2101.9
101051,6/12/2025,6/13/2025,7/5/2025,C2549,Africa,Egypt,P60511,Power Bank,Electronics,S892,Pioneer Distribution,North America,WH 04,Istanbul,Sea,370,95.33,35272.1,14.76,22,1200,Delayed,3213.38
101052,8/19/2024,8/19/2024,8/31/2024,C5710,Africa,South Africa,P48892,Wireless Earbuds,Electronics,S769,Nova Industrial,North America,WH 03,Dubai,Sea,233,330.54,77015.82,12.27,12,327,Delivered,11901.4
101053,1/30/2025,1/30/2025,2/13/2025,C5470,Africa,South Africa,P32003,Wireless Earbuds,Electronics,S192,Evergreen Partners,Asia,WH 10,Cairo,Sea,469,86.72,40671.68,16.57,14,1083,Delivered,3916.18
101054,12/30/2025,12/30/2025,1/13/2026,C6054,Asia,Indonesia,P11130,Bottled Water Case,FMCG,S489,Nova Industrial,North America,WH 06,Amsterdam,Sea,257,44.81,11516.17,12.7,14,2418,Delivered,1145.73
101055,5/22/2024,5/24/2024,5/29/2024,C1987,Africa,Nigeria,P70582,Detergent Bag,FMCG,S847,Vertex Manufacturing,Asia,WH 01,Karachi,Road,269,31.9,8581.1,20.1,5,4145,In Transit,421.71
101056,9/25/2025,9/29/2025,10/7/2025,C9770,Middle East,United Arab Emirates,P30343,Router,Electronics,S317,Vertex Manufacturing,Asia,WH 09,Johannesburg,Rail,24,251.52,6036.48,11.28,8,835,Delivered,645.5
101057,2/17/2025,2/19/2025,2/26/2025,C2946,Africa,South Africa,P97123,Shampoo Pack,FMCG,S291,Atlas Sourcing,North America,WH 03,Dubai,Road,50,24.03,1201.5,13.89,7,1632,Cancelled,-215.73
101058,5/5/2024,5/9/2024,5/14/2024,C3121,Middle East,Turkey,P27412,Office Chair,Furniture,S562,Crescent Logistics,North America,WH 06,Amsterdam,Air,91,173.83,15818.53,34.41,5,327,Delivered,3863.46
101059,10/1/2025,10/2/2025,10/25/2025,C6462,Asia,Vietnam,P41795,Bottled Water Case,FMCG,S274,Evergreen Partners,Asia,WH 04,Istanbul,Sea,347,9.11,3161.17,10.62,23,1676,Delivered,224.84
101060,2/26/2025,2/28/2025,3/12/2025,C2234,North America,Canada,P93514,First Aid Kit,Healthcare,S213,BlueRiver Trading,North America,WH 06,Amsterdam,Rail,426,20.79,8856.54,15.59,12,3491,Cancelled,-228.03
101061,5/26/2024,5/31/2024,6/12/2024,C9734,North America,Mexico,P22197,Toothpaste Box,FMCG,S387,Summit Supply Co,Middle East,WH 04,Istanbul,Rail,147,11.54,1696.38,14.26,12,3251,Delivered,126.13
101062,9/21/2024,9/24/2024,10/18/2024,C3912,Middle East,Oman,P58232,Floor Lamp,Furniture,S844,Summit Supply Co,North America,WH 01,Karachi,Sea,328,300.68,98623.04,14,24,822,Delivered,16314.83
101063,4/18/2025,4/23/2025,4/30/2025,C5960,Europe,Sweden,P43556,Router,Electronics,S947,BlueRiver Trading,Asia,WH 06,Amsterdam,Rail,48,351.74,16883.52,11.86,7,170,Delivered,2416.91
101064,5/8/2024,5/8/2024,5/12/2024,C6959,Middle East,Saudi Arabia,P29673,Office Chair,Furniture,S662,Evergreen Partners,Asia,WH 03,Dubai,Air,436,77.19,33654.84,56.76,4,1265,Delivered,4823.25
101065,2/17/2024,2/21/2024,2/23/2024,C7458,Africa,Nigeria,P18177,Floor Lamp,Furniture,S135,Summit Supply Co,North America,WH 06,Amsterdam,Road,472,62.23,29372.56,25.86,2,603,Delivered,8100.88
101066,12/16/2025,12/19/2025,12/23/2025,C6938,Asia,Vietnam,P20223,Socks Pack,Apparel,S398,Vertex Manufacturing,Europe,WH 07,Toronto,Air,43,73.04,3140.72,31.3,4,198,Delivered,723.08
101067,1/24/2024,1/28/2024,2/11/2024,C6796,Europe,Netherlands,P50416,Thermometer,Healthcare,S826,Pioneer Distribution,North America,WH 07,Toronto,Rail,135,60.97,8230.95,13.97,14,2335,In Transit,355.46
101068,8/29/2024,9/3/2024,9/18/2024,C8115,North America,United States,P40486,Router,Electronics,S880,Zenith Procurement,Middle East,WH 03,Dubai,Sea,218,300.35,65476.3,11.99,15,1370,Cancelled,-176.79
101069,11/20/2025,11/23/2025,11/25/2025,C5517,Europe,Germany,P26277,Thermometer,Healthcare,S719,Nova Industrial,Africa,WH 06,Amsterdam,Air,198,72.88,14430.24,41.34,2,219,Delivered,1129.81
101070,8/25/2024,8/27/2024,9/18/2024,C4716,Asia,Pakistan,P47790,Thermometer,Healthcare,S441,Nova Industrial,Europe,WH 05,Frankfurt,Sea,428,32.27,13811.56,15.82,22,3469,Delivered,1537.6
101071,3/27/2024,3/27/2024,4/10/2024,C1785,Africa,South Africa,P41016,Wireless Earbuds,Electronics,S222,Nova Industrial,Africa,WH 06,Amsterdam,Rail,152,82.4,12524.8,10.66,14,1529,Delivered,2487.23
101072,10/18/2024,10/21/2024,10/25/2024,C4649,Asia,Vietnam,P86514,Power Bank,Electronics,S125,Nova Industrial,Africa,WH 01,Karachi,Road,450,286.89,129100.5,25.23,4,691,Delivered,16374.14
101073,7/20/2025,7/23/2025,7/28/2025,C1152,North America,United States,P64836,Thermometer,Healthcare,S497,Summit Supply Co,Africa,WH 04,Istanbul,Rail,453,49.97,22636.41,21.7,5,626,In Transit,2112.57
101074,6/11/2025,6/16/2025,6/19/2025,C3482,North America,Canada,P17593,First Aid Kit,Healthcare,S379,Evergreen Partners,Africa,WH 04,Istanbul,Air,380,89.14,33873.2,53.14,3,2496,Delivered,6672.35
101075,12/1/2024,12/2/2024,12/8/2024,C5021,North America,Mexico,P28748,First Aid Kit,Healthcare,S210,Zenith Procurement,Middle East,WH 02,Lahore,Road,343,61.15,20974.45,22.2,6,4262,Delivered,4119.68
101076,6/25/2025,6/25/2025,7/8/2025,C3732,Middle East,Oman,P82009,Bluetooth Speaker,Electronics,S318,Orion Supplies,Middle East,WH 03,Dubai,Sea,217,217.43,47182.31,8.87,13,134,Delivered,8246.84
101077,5/12/2024,5/17/2024,5/26/2024,C6893,Europe,Spain,P69673,Wireless Earbuds,Electronics,S392,Summit Supply Co,Middle East,WH 10,Cairo,Rail,278,296.17,82335.26,17.45,9,1610,In Transit,15025.05
101078,2/8/2025,2/10/2025,2/17/2025,C5661,North America,Mexico,P54713,Floor Lamp,Furniture,S494,Pioneer Distribution,Middle East,WH 07,Toronto,Rail,430,237.59,102163.7,21.14,7,572,Delivered,18490.95
101079,1/21/2025,1/23/2025,2/13/2025,C1285,Europe,Netherlands,P21957,Bottled Water Case,FMCG,S468,Pioneer Distribution,Europe,WH 09,Johannesburg,Sea,152,10.89,1655.28,7.99,21,1766,Delivered,100.97
101080,2/10/2024,2/12/2024,2/21/2024,C7322,Europe,Spain,P52916,Office Chair,Furniture,S851,Crescent Logistics,Africa,WH 06,Amsterdam,Road,146,158.21,23098.66,16.61,9,1809,Delivered,3729.34
101081,9/23/2025,9/25/2025,10/4/2025,C4655,Africa,Egypt,P96706,Bluetooth Speaker,Electronics,S269,Zenith Procurement,Africa,WH 05,Frankfurt,Road,168,211.19,35479.92,12.77,9,1739,Delivered,4192.46
101082,8/14/2025,8/17/2025,8/19/2025,C7015,Africa,Kenya,P31506,Wireless Earbuds,Electronics,S585,Nova Industrial,North America,WH 05,Frankfurt,Road,13,211.49,2749.37,12.84,2,91,Delivered,437.61
101083,3/11/2025,3/13/2025,3/16/2025,C2629,Middle East,United Arab Emirates,P93463,Toothpaste Box,FMCG,S697,Vertex Manufacturing,Middle East,WH 01,Karachi,Air,354,36.78,13020.12,38.11,3,2204,In Transit,842.04
101084,4/1/2025,4/4/2025,4/8/2025,C9456,North America,United States,P49095,Bottled Water Case,FMCG,S326,Orion Supplies,Asia,WH 09,Johannesburg,Air,301,18.94,5700.94,48.02,4,3617,Delivered,681.18
101085,12/23/2025,12/24/2025,12/27/2025,C9275,Asia,Vietnam,P96755,Power Bank,Electronics,S398,Pioneer Distribution,Africa,WH 05,Frankfurt,Air,245,124.29,30451.05,44.39,3,272,Delivered,5438.53
101086,7/7/2025,7/8/2025,7/15/2025,C7669,North America,Canada,P93220,Storage Cabinet,Furniture,S565,Crescent Logistics,Europe,WH 09,Johannesburg,Rail,438,254.95,111668.1,21.34,7,1995,Delivered,18472.68
101087,5/25/2024,5/27/2024,6/2/2024,C1777,Middle East,Oman,P29763,Snack Carton,FMCG,S645,BlueRiver Trading,Africa,WH 10,Cairo,Rail,380,37.35,14193,19.93,6,4562,Delivered,1512.35
101088,12/1/2025,12/3/2025,12/7/2025,C6751,Middle East,Saudi Arabia,P47918,Bookshelf,Furniture,S792,Summit Supply Co,Asia,WH 08,Chicago,Rail,171,69.23,11838.33,14.85,4,1461,Delivered,1963.28
101089,2/8/2025,2/12/2025,2/14/2025,C3607,Asia,Vietnam,P69790,Shampoo Pack,FMCG,S592,Vertex Manufacturing,North America,WH 09,Johannesburg,Air,143,28.46,4069.78,37.78,2,4161,Delivered,257.2
101090,1/14/2025,1/17/2025,1/21/2025,C8145,Africa,South Africa,P55819,Detergent Bag,FMCG,S348,Summit Supply Co,Africa,WH 01,Karachi,Road,18,37.5,675,9.62,4,4980,Delivered,58.37
101091,6/11/2025,6/13/2025,7/2/2025,C4089,Middle East,Turkey,P24242,Bluetooth Speaker,Electronics,S142,Summit Supply Co,Europe,WH 01,Karachi,Sea,59,245.77,14500.43,9.09,19,780,Delivered,1472.18
101092,7/20/2024,7/24/2024,7/26/2024,C5858,Europe,France,P72002,Face Mask Box,Healthcare,S384,BlueRiver Trading,Africa,WH 10,Cairo,Air,378,51.06,19300.68,53.01,2,403,Delivered,1510.5
101093,8/27/2024,8/27/2024,8/28/2024,C9898,Middle East,Turkey,P82369,Power Bank,Electronics,S756,Orion Supplies,North America,WH 07,Toronto,Air,453,187.63,84996.39,57.87,1,393,Delivered,10635.36
101094,4/14/2024,4/16/2024,4/27/2024,C1526,Middle East,United Arab Emirates,P98567,Hand Sanitizer Case,Healthcare,S184,Evergreen Partners,North America,WH 02,Lahore,Sea,428,14.84,6351.52,15.82,11,2146,Delivered,831.68
101095,10/18/2025,10/23/2025,11/8/2025,C5992,Asia,Indonesia,P89182,Snack Carton,FMCG,S706,Crescent Logistics,Europe,WH 05,Frankfurt,Road,226,11.17,2524.42,18.88,16,2672,Delayed,382.03
101096,9/25/2025,9/29/2025,10/8/2025,C5864,Europe,Italy,P55852,Study Table,Furniture,S264,Orion Supplies,Africa,WH 06,Amsterdam,Road,230,208.3,47909,18.99,9,1297,Delivered,10541.15
101097,10/18/2025,10/19/2025,11/8/2025,C2210,Asia,China,P19218,Wireless Earbuds,Electronics,S384,Evergreen Partners,Asia,WH 06,Amsterdam,Sea,31,206.7,6407.7,6.36,20,924,Delivered,1163.47
101098,12/25/2025,12/26/2025,1/10/2026,C4859,Middle East,Qatar,P39379,Sportswear Set,Apparel,S120,BlueRiver Trading,Asia,WH 04,Istanbul,Sea,266,97.89,26038.74,12.87,15,200,Delivered,6189.94
101099,12/30/2024,12/30/2024,1/14/2025,C2476,Africa,Morocco,P50800,Bottled Water Case,FMCG,S985,Summit Supply Co,Africa,WH 07,Toronto,Sea,138,17.4,2401.2,7.8,15,1695,Delivered,130.38
101100,9/4/2025,9/5/2025,9/14/2025,C7359,North America,United States,P89900,Sportswear Set,Apparel,S201,Summit Supply Co,Middle East,WH 02,Lahore,Road,132,62.94,8308.08,16.22,9,1787,Delivered,981.72
101101,12/1/2025,12/5/2025,12/17/2025,C9109,Asia,Malaysia,P33758,Shampoo Pack,FMCG,S663,Nova Industrial,Africa,WH 10,Cairo,Rail,58,14.01,812.58,12.1,12,3765,Delayed,86.74
101102,12/24/2025,12/27/2025,1/6/2026,C2005,Europe,Sweden,P39369,First Aid Kit,Healthcare,S825,Nova Industrial,Africa,WH 07,Toronto,Road,315,73.04,23007.6,21.4,10,1158,Delivered,1822.58
101103,7/9/2025,7/12/2025,7/18/2025,C1205,Asia,Vietnam,P22442,First Aid Kit,Healthcare,S790,Crescent Logistics,North America,WH 09,Johannesburg,Rail,69,50.88,3510.72,12.37,6,3320,Delivered,301.67
101104,4/22/2024,4/26/2024,5/6/2024,C9350,Europe,Netherlands,P51745,Storage Cabinet,Furniture,S879,Pioneer Distribution,Asia,WH 01,Karachi,Sea,313,192.49,60249.37,13.72,10,1592,Delivered,10438.01
101105,7/17/2024,7/19/2024,8/2/2024,C4729,Africa,Nigeria,P86693,Shampoo Pack,FMCG,S672,Orion Supplies,Middle East,WH 05,Frankfurt,Rail,129,48.77,6291.33,13.83,14,1861,Delivered,937.85
101106,6/16/2025,6/18/2025,6/21/2025,C2120,Middle East,Qatar,P40041,Detergent Bag,FMCG,S575,Summit Supply Co,North America,WH 01,Karachi,Air,309,28.71,8871.39,48.54,3,2208,Delivered,1025.31
101107,5/30/2025,5/31/2025,6/23/2025,C7171,Africa,Morocco,P20952,Wireless Earbuds,Electronics,S485,BlueRiver Trading,Middle East,WH 02,Lahore,Sea,282,92.74,26152.68,13.16,23,251,Delivered,2594.7
101108,4/2/2025,4/3/2025,4/19/2025,C3671,Africa,Nigeria,P53739,Study Table,Furniture,S734,Vertex Manufacturing,Africa,WH 06,Amsterdam,Sea,253,193.08,48849.24,9.36,16,1453,Delivered,8498.5
101109,12/18/2025,12/19/2025,12/20/2025,C7532,North America,Mexico,P64808,Bookshelf,Furniture,S923,Atlas Sourcing,North America,WH 06,Amsterdam,Air,243,292.07,70973.01,32.78,1,1393,Delivered,12184.16
101110,10/10/2025,10/11/2025,11/5/2025,C8513,Middle East,Turkey,P33010,T Shirt Bundle,Apparel,S318,Crescent Logistics,Asia,WH 10,Cairo,Sea,69,51.35,3543.15,9.28,25,2816,Delayed,703.93
101111,5/16/2025,5/20/2025,5/28/2025,C8190,Asia,Pakistan,P23869,Bottled Water Case,FMCG,S758,Summit Supply Co,Middle East,WH 07,Toronto,Rail,225,28.38,6385.5,16.16,8,4230,Delivered,1034.84
101112,10/29/2025,10/30/2025,11/6/2025,C8044,Asia,Indonesia,P30917,Power Bank,Electronics,S527,BlueRiver Trading,North America,WH 07,Toronto,Road,435,266.78,116049.3,24.81,7,535,Delivered,9557.24
101113,1/15/2024,1/18/2024,1/19/2024,C6153,Middle East,Saudi Arabia,P69003,Bluetooth Speaker,Electronics,S688,Pioneer Distribution,North America,WH 04,Istanbul,Air,401,93.29,37409.29,54.5,1,789,Delivered,3560.64
101114,8/28/2024,8/30/2024,9/9/2024,C8607,Asia,India,P20928,Wireless Earbuds,Electronics,S397,Zenith Procurement,Europe,WH 02,Lahore,Rail,416,193.55,80516.8,20.8,10,1434,Delivered,6981.91
101115,2/7/2025,2/12/2025,2/14/2025,C4262,Europe,France,P35602,Bookshelf,Furniture,S586,Orion Supplies,North America,WH 08,Chicago,Air,120,333.12,39974.4,36.29,2,1569,Delivered,11043.11
101116,7/30/2025,8/3/2025,8/23/2025,C1797,Asia,India,P78382,Office Chair,Furniture,S822,Nova Industrial,Africa,WH 09,Johannesburg,Sea,29,60.23,1746.67,8.55,20,1324,Delayed,297.18
101117,11/22/2025,11/23/2025,12/10/2025,C8147,Europe,Netherlands,P47538,Detergent Bag,FMCG,S813,Vertex Manufacturing,Africa,WH 03,Dubai,Rail,23,28.33,651.59,11.25,17,2345,Delayed,99.31
101118,1/19/2024,1/20/2024,1/25/2024,C6945,Africa,Kenya,P13487,Smart Watch,Electronics,S236,Nova Industrial,Africa,WH 04,Istanbul,Road,368,300.2,110473.6,16.97,5,1652,Delivered,8976.98
101119,4/21/2024,4/23/2024,4/26/2024,C7831,Europe,Sweden,P26775,Router,Electronics,S242,Vertex Manufacturing,North America,WH 09,Johannesburg,Air,41,308.55,12650.55,31.17,3,1589,In Transit,1550.14
101120,3/26/2024,3/29/2024,4/6/2024,C4729,Asia,Malaysia,P73594,Wireless Earbuds,Electronics,S970,Evergreen Partners,Middle East,WH 05,Frankfurt,Rail,119,306.24,36442.56,13.58,8,700,Cancelled,-54.64
101121,7/20/2025,7/21/2025,7/27/2025,C8077,Africa,Egypt,P30710,Bookshelf,Furniture,S596,Summit Supply Co,Asia,WH 04,Istanbul,Road,146,53.13,7756.98,16.61,6,1697,Delivered,1480.26
101122,9/21/2024,9/26/2024,10/5/2024,C2152,North America,Canada,P44062,Face Mask Box,Healthcare,S188,Zenith Procurement,Asia,WH 07,Toronto,Road,475,20.32,9652,25.94,9,2375,Delivered,1160.81
101123,2/9/2025,2/10/2025,2/22/2025,C2658,North America,United States,P82468,Vitamin Pack,Healthcare,S985,Atlas Sourcing,Middle East,WH 02,Lahore,Sea,313,21.6,6760.8,13.72,12,660,Delivered,777.39
101124,5/13/2024,5/15/2024,6/8/2024,C7548,Europe,France,P78560,Hoodie,Apparel,S987,BlueRiver Trading,Asia,WH 01,Karachi,Sea,250,29.92,7480,12.58,24,2641,Delivered,2200.2
101125,7/13/2024,7/18/2024,7/29/2024,C5443,Middle East,United Arab Emirates,P93197,Hand Sanitizer Case,Healthcare,S498,Nova Industrial,Europe,WH 02,Lahore,Rail,343,26.63,9134.09,19.03,11,3010,In Transit,1520.52
101126,2/10/2025,2/13/2025,2/20/2025,C8099,Europe,Italy,P71794,Wireless Earbuds,Electronics,S272,Summit Supply Co,Europe,WH 02,Lahore,Rail,198,449.08,88917.84,11.48,7,990,Delivered,12848.91
101127,12/6/2025,12/9/2025,12/18/2025,C1543,Asia,China,P46668,Storage Cabinet,Furniture,S781,BlueRiver Trading,Asia,WH 01,Karachi,Rail,138,160.04,22085.52,10.4,9,2132,Delivered,1038.74
101128,8/25/2024,8/25/2024,8/30/2024,C9086,Middle East,Qatar,P60998,Smart Watch,Electronics,S930,Orion Supplies,Middle East,WH 01,Karachi,Road,336,76.92,25845.12,16.3,5,627,Delivered,3360.42
101129,12/19/2025,12/20/2025,12/24/2025,C4325,Africa,Egypt,P60393,Bluetooth Speaker,Electronics,S171,Orion Supplies,Africa,WH 01,Karachi,Air,487,70.6,34382.2,44.5,4,630,Delivered,6374.39
101130,9/12/2025,9/16/2025,9/17/2025,C7653,Middle East,Oman,P73411,Router,Electronics,S993,Evergreen Partners,Europe,WH 10,Cairo,Air,491,428.29,210290.39,60.33,1,938,Delivered,36569.79
101131,4/27/2025,4/30/2025,5/6/2025,C6413,Middle East,Oman,P49305,Floor Lamp,Furniture,S921,Vertex Manufacturing,Africa,WH 02,Lahore,Road,228,95.65,21808.2,18.94,6,1975,Delivered,4474.07
101132,1/7/2024,1/9/2024,1/11/2024,C8615,Asia,Malaysia,P13436,Hand Sanitizer Case,Healthcare,S466,Vertex Manufacturing,Europe,WH 02,Lahore,Air,419,82.45,34546.55,55.66,2,4233,Delivered,5474.04
101133,12/15/2025,12/19/2025,12/23/2025,C1381,Asia,Indonesia,P77381,Router,Electronics,S232,Atlas Sourcing,Africa,WH 03,Dubai,Road,172,223.49,38440.28,17.35,4,1150,Delivered,4948.33
101134,6/2/2024,6/6/2024,6/11/2024,C2333,North America,Canada,P79205,Storage Cabinet,Furniture,S276,Pioneer Distribution,Europe,WH 04,Istanbul,Air,268,162.25,43483,45.88,5,1504,Delivered,7714.11
101135,5/4/2024,5/9/2024,5/19/2024,C2267,Asia,Pakistan,P52510,Snack Carton,FMCG,S325,Vertex Manufacturing,Middle East,WH 09,Johannesburg,Sea,474,20.53,9731.22,16.66,10,592,Delivered,595.84
101136,8/5/2024,8/7/2024,8/11/2024,C7710,North America,Mexico,P95772,First Aid Kit,Healthcare,S439,Crescent Logistics,Middle East,WH 05,Frankfurt,Air,99,25.76,2550.24,34.93,4,1491,Delivered,213.13
101137,6/1/2025,6/2/2025,6/3/2025,C6129,North America,Canada,P59289,Router,Electronics,S853,Vertex Manufacturing,Europe,WH 01,Karachi,Air,403,62.29,25102.87,54.63,1,457,Delivered,3401.05
101138,1/30/2025,1/31/2025,2/16/2025,C6428,Africa,Morocco,P32369,Power Bank,Electronics,S909,Zenith Procurement,Europe,WH 04,Istanbul,Sea,459,343.32,157583.88,16.38,16,1036,Delivered,17817.37
101139,8/10/2025,8/10/2025,8/28/2025,C7189,Asia,Bangladesh,P49952,Bottled Water Case,FMCG,S677,Pioneer Distribution,Africa,WH 06,Amsterdam,Sea,369,20.26,7475.94,14.74,18,4626,Delivered,923.48
101140,1/26/2025,1/28/2025,1/30/2025,C4598,Africa,Nigeria,P62955,Bookshelf,Furniture,S602,Crescent Logistics,Asia,WH 08,Chicago,Air,239,333.8,79778.2,44,2,1552,Delivered,19061.54
101141,7/18/2024,7/19/2024,7/29/2024,C1613,Middle East,Saudi Arabia,P89618,Smart Watch,Electronics,S198,Atlas Sourcing,Middle East,WH 10,Cairo,Road,348,132.84,46228.32,16.55,10,1339,Delivered,4768.31
101142,4/1/2025,4/2/2025,4/14/2025,C7729,Europe,Spain,P49729,Sportswear Set,Apparel,S735,Atlas Sourcing,Middle East,WH 03,Dubai,Sea,278,109.16,30346.48,13.09,12,2107,In Transit,6791.35
101143,3/18/2024,3/22/2024,3/31/2024,C9983,North America,United States,P52738,Wireless Earbuds,Electronics,S804,Orion Supplies,Africa,WH 02,Lahore,Road,479,233.4,111798.6,26.05,9,1124,Delivered,8938.71
101144,1/15/2025,1/15/2025,1/31/2025,C9783,North America,Canada,P97081,Detergent Bag,FMCG,S632,Zenith Procurement,Asia,WH 01,Karachi,Sea,19,28.26,536.94,8.37,16,1635,Delivered,34.85
101145,5/30/2025,6/4/2025,6/15/2025,C6091,Europe,Italy,P90084,Toothpaste Box,FMCG,S352,Nova Industrial,Europe,WH 06,Amsterdam,Sea,133,25.68,3415.44,7.74,11,923,Delivered,206.95
101146,5/16/2024,5/16/2024,6/7/2024,C4759,Europe,France,P80648,Smart Watch,Electronics,S653,Nova Industrial,Asia,WH 01,Karachi,Sea,306,322.77,98767.62,13.6,22,779,Delivered,8587.14
101147,2/10/2024,2/12/2024,2/23/2024,C6710,Middle East,United Arab Emirates,P22588,Denim Jeans,Apparel,S298,Nova Industrial,Middle East,WH 04,Istanbul,Sea,156,66.09,10310.04,8.05,11,1574,Delivered,2958.96
101148,11/12/2025,11/17/2025,11/22/2025,C5325,North America,Mexico,P68535,Detergent Bag,FMCG,S908,Vertex Manufacturing,Middle East,WH 02,Lahore,Air,274,35.57,9746.18,46.27,5,2277,Delivered,815.16
101149,12/21/2024,12/22/2024,12/25/2024,C1570,Europe,France,P22084,Toothpaste Box,FMCG,S407,Summit Supply Co,Middle East,WH 06,Amsterdam,Road,346,5.92,2048.32,22.28,3,4516,Delivered,290.77
101150,4/23/2024,4/25/2024,4/27/2024,C1539,Africa,Egypt,P99905,Shampoo Pack,FMCG,S101,Vertex Manufacturing,Africa,WH 04,Istanbul,Air,221,19.32,4269.72,31.73,2,1347,Delivered,651.33
101151,3/4/2025,3/8/2025,3/10/2025,C5456,Europe,Italy,P36897,Shampoo Pack,FMCG,S276,Nova Industrial,Europe,WH 09,Johannesburg,Air,273,15.47,4223.31,34.22,2,4674,Delivered,525.28
101152,3/4/2024,3/5/2024,3/10/2024,C1329,Europe,Poland,P14858,Power Bank,Electronics,S116,Vertex Manufacturing,Asia,WH 03,Dubai,Rail,452,400.26,180917.52,21.68,5,493,Delivered,4814.76
101153,6/9/2024,6/12/2024,6/18/2024,C3448,Africa,Nigeria,P89921,Storage Cabinet,Furniture,S843,Pioneer Distribution,Europe,WH 06,Amsterdam,Rail,304,266.44,80997.76,18.08,6,1085,Delivered,14437.18
101154,9/6/2024,9/9/2024,9/10/2024,C1891,Africa,Egypt,P31972,Floor Lamp,Furniture,S381,Nova Industrial,Africa,WH 07,Toronto,Air,247,284.19,70194.93,32.98,1,146,Delivered,18692.82
101155,9/1/2024,9/3/2024,9/9/2024,C9114,Europe,France,P49412,Bottled Water Case,FMCG,S786,Atlas Sourcing,Middle East,WH 04,Istanbul,Road,278,14.91,4144.98,20.36,6,3437,Delivered,393.78
101156,8/23/2024,8/24/2024,8/26/2024,C8608,Middle East,Oman,P95641,First Aid Kit,Healthcare,S505,Zenith Procurement,North America,WH 09,Johannesburg,Air,241,84.68,20407.88,44.13,2,1871,Delivered,2422.64
101157,3/31/2024,4/1/2024,4/8/2024,C3732,Europe,Sweden,P86497,Wireless Earbuds,Electronics,S397,Pioneer Distribution,Africa,WH 06,Amsterdam,Road,142,416.03,59076.26,16.5,7,1271,Cancelled,-206.28
101158,5/22/2024,5/23/2024,6/11/2024,C2766,Africa,South Africa,P18219,Storage Cabinet,Furniture,S522,Vertex Manufacturing,North America,WH 07,Toronto,Sea,500,93.31,46655,17.13,19,1280,Delivered,9638.86
101159,2/27/2025,3/1/2025,3/7/2025,C4405,Middle East,Oman,P20862,Bookshelf,Furniture,S507,Pioneer Distribution,North America,WH 05,Frankfurt,Rail,26,104.6,2719.6,11.32,6,701,Delivered,507.57
101160,7/23/2024,7/26/2024,8/7/2024,C9983,Asia,India,P58192,Study Table,Furniture,S216,Nova Industrial,Asia,WH 06,Amsterdam,Rail,162,311.65,50487.3,10.84,12,1155,Delivered,8893.43
101161,8/12/2025,8/14/2025,8/16/2025,C5158,North America,Mexico,P51773,Thermometer,Healthcare,S502,BlueRiver Trading,North America,WH 04,Istanbul,Road,255,48.8,12444,14.6,2,4366,Delivered,1970.41
101162,8/23/2025,8/23/2025,9/5/2025,C2151,Asia,Pakistan,P31698,T Shirt Bundle,Apparel,S293,Summit Supply Co,Europe,WH 06,Amsterdam,Road,193,82.21,15866.53,17.95,13,2192,Delayed,1952.72
101163,9/10/2024,9/12/2024,10/3/2024,C9722,North America,Canada,P78908,Hoodie,Apparel,S823,Atlas Sourcing,Africa,WH 03,Dubai,Sea,414,32.73,13550.22,15.56,21,1390,Delivered,3853.96
101164,7/29/2025,8/1/2025,8/4/2025,C3223,Asia,Vietnam,P52732,Hoodie,Apparel,S556,Zenith Procurement,Middle East,WH 07,Toronto,Air,432,104.75,45252,56.51,3,2773,In Transit,12752.09
101165,8/26/2025,8/27/2025,9/2/2025,C4460,Middle East,Turkey,P30881,Bottled Water Case,FMCG,S206,Atlas Sourcing,Europe,WH 04,Istanbul,Road,120,22.16,2659.2,15.88,6,2066,Delivered,357.34
101166,6/28/2024,7/2/2024,7/12/2024,C9642,Europe,Netherlands,P64327,Thermometer,Healthcare,S840,Pioneer Distribution,Middle East,WH 06,Amsterdam,Rail,154,65.74,10123.96,14.43,10,936,Delivered,1220.22
101167,10/29/2025,11/1/2025,11/10/2025,C9088,North America,United States,P23140,Floor Lamp,Furniture,S561,Atlas Sourcing,Middle East,WH 08,Chicago,Road,351,138.01,48441.51,22.42,9,1704,Delivered,9323.94
101168,3/15/2024,3/18/2024,3/22/2024,C2586,North America,United States,P80218,First Aid Kit,Healthcare,S755,Nova Industrial,Asia,WH 08,Chicago,Road,352,61.76,21739.52,22.45,4,3082,Delivered,3303.1
101169,9/13/2025,9/14/2025,9/18/2025,C6073,North America,United States,P85265,Floor Lamp,Furniture,S420,Evergreen Partners,Africa,WH 05,Frankfurt,Air,285,332.69,94816.65,46.98,4,1754,In Transit,25119.47
101170,7/11/2024,7/11/2024,7/15/2024,C5938,Africa,South Africa,P75667,Vitamin Pack,Healthcare,S192,Crescent Logistics,Europe,WH 06,Amsterdam,Air,260,12.71,3304.6,45.36,4,1060,Delivered,388.93
101171,12/3/2025,12/3/2025,12/11/2025,C9641,Middle East,Saudi Arabia,P69682,Office Chair,Furniture,S268,Summit Supply Co,Middle East,WH 04,Istanbul,Rail,452,212.78,96176.56,16.06,8,1828,Delivered,19054.17
101172,7/30/2024,7/30/2024,8/14/2024,C6352,Asia,Bangladesh,P53130,Face Mask Box,Healthcare,S973,Nova Industrial,Asia,WH 03,Dubai,Rail,457,56.28,25719.96,16.15,15,2145,Delayed,3148.22
101173,2/9/2024,2/12/2024,2/21/2024,C1862,Africa,Kenya,P80063,Router,Electronics,S295,Pioneer Distribution,Asia,WH 03,Dubai,Road,221,285.15,63018.15,18.74,9,577,Delivered,11095.13
101174,3/10/2024,3/12/2024,3/25/2024,C4323,Asia,Malaysia,P10445,Denim Jeans,Apparel,S101,Atlas Sourcing,North America,WH 09,Johannesburg,Sea,245,80.71,19773.95,12.48,13,2167,Delivered,2535.05
101175,6/24/2024,6/24/2024,7/3/2024,C7172,Middle East,United Arab Emirates,P11979,Socks Pack,Apparel,S768,Orion Supplies,Europe,WH 06,Amsterdam,Road,323,32.2,10400.6,21.63,9,2480,Delivered,435.73
101176,4/2/2025,4/4/2025,4/9/2025,C4912,Middle East,Saudi Arabia,P93452,Smart Watch,Electronics,S968,Summit Supply Co,Middle East,WH 08,Chicago,Rail,17,355.61,6045.37,8.23,5,1272,Cancelled,-243.34
101177,7/11/2025,7/12/2025,7/22/2025,C1842,Middle East,Saudi Arabia,P52642,Toothpaste Box,FMCG,S394,Nova Industrial,Middle East,WH 08,Chicago,Road,475,18.56,8816,19.22,10,3933,Delivered,1549.15
101178,6/2/2024,6/2/2024,6/19/2024,C7381,Africa,Morocco,P77917,Socks Pack,Apparel,S205,Atlas Sourcing,Africa,WH 08,Chicago,Sea,491,19.42,9535.22,12.57,17,1883,Delayed,1590.64
101179,10/16/2025,10/19/2025,10/22/2025,C1906,Europe,Germany,P74042,Bottled Water Case,FMCG,S553,BlueRiver Trading,Middle East,WH 10,Cairo,Air,160,39.09,6254.4,38.88,3,762,Delivered,921.52
101180,8/25/2024,8/28/2024,9/20/2024,C3106,Africa,Nigeria,P23669,Face Mask Box,Healthcare,S803,Pioneer Distribution,Middle East,WH 10,Cairo,Sea,145,25.51,3698.95,10.66,23,2683,In Transit,471.65
101181,7/13/2025,7/17/2025,7/24/2025,C1479,Asia,Bangladesh,P86190,Bookshelf,Furniture,S264,Nova Industrial,Middle East,WH 10,Cairo,Road,409,263.43,107742.87,24.07,7,137,Delivered,17218.31
101182,6/18/2024,6/22/2024,7/7/2024,C5142,Middle East,Saudi Arabia,P71902,Detergent Bag,FMCG,S769,Evergreen Partners,Middle East,WH 07,Toronto,Sea,417,44.2,18431.4,11.57,15,1229,Delivered,2539.47
101183,9/19/2024,9/20/2024,10/5/2024,C8871,Africa,South Africa,P23527,Office Chair,Furniture,S895,Atlas Sourcing,Europe,WH 05,Frankfurt,Sea,361,140.98,50893.78,14.6,15,147,Delivered,8002.55
101184,4/4/2024,4/5/2024,4/9/2024,C4577,Asia,China,P80780,Bottled Water Case,FMCG,S772,Evergreen Partners,Africa,WH 02,Lahore,Air,96,47.2,4531.2,34.73,4,4621,Delivered,480.53
101185,10/22/2024,10/27/2024,11/1/2024,C7668,Asia,Vietnam,P90880,Router,Electronics,S103,Zenith Procurement,Middle East,WH 08,Chicago,Air,187,359.62,67248.94,40.63,5,701,Delivered,8522.52
101186,7/30/2024,8/1/2024,8/11/2024,C9425,North America,United States,P10693,Vitamin Pack,Healthcare,S245,Pioneer Distribution,Asia,WH 02,Lahore,Sea,59,71.02,4190.18,9.09,10,2744,In Transit,688.19
101187,8/10/2024,8/13/2024,8/25/2024,C3422,Middle East,Qatar,P99199,Study Table,Furniture,S626,Evergreen Partners,Asia,WH 01,Karachi,Rail,421,101.83,42870.43,20.92,12,1325,Delivered,10669.34
101188,6/20/2025,6/25/2025,6/29/2025,C4749,Asia,China,P45271,Snack Carton,FMCG,S787,Pioneer Distribution,Middle East,WH 08,Chicago,Air,76,25.9,1968.4,33.44,4,3209,Delivered,274.16
101189,11/21/2025,11/25/2025,11/28/2025,C5509,Asia,Indonesia,P97971,Bottled Water Case,FMCG,S108,Crescent Logistics,Middle East,WH 05,Frankfurt,Road,429,48.82,20943.78,24.64,3,2695,In Transit,2485.91
101190,8/14/2024,8/19/2024,9/9/2024,C3301,Europe,Sweden,P83246,Router,Electronics,S772,BlueRiver Trading,Europe,WH 05,Frankfurt,Sea,224,328.16,73507.84,8.96,21,1154,Delivered,7061.44
101191,2/19/2025,2/21/2025,3/2/2025,C8921,Africa,Egypt,P11567,Shampoo Pack,FMCG,S874,Orion Supplies,North America,WH 03,Dubai,Road,220,37.73,8300.6,18.71,9,4453,Delivered,1283.56
101192,6/13/2024,6/15/2024,6/28/2024,C4894,North America,United States,P75064,Shampoo Pack,FMCG,S964,Summit Supply Co,Europe,WH 08,Chicago,Rail,413,8.25,3407.25,20.73,13,3342,Delivered,510.32
101193,8/8/2024,8/9/2024,8/18/2024,C8527,Africa,South Africa,P73372,Bookshelf,Furniture,S320,Pioneer Distribution,Asia,WH 10,Cairo,Road,270,44.42,11993.4,20.13,9,1201,Delivered,2012.52
101194,2/7/2024,2/9/2024,2/15/2024,C7154,Asia,Vietnam,P96762,Study Table,Furniture,S739,Atlas Sourcing,North America,WH 04,Istanbul,Road,433,334.82,144977.06,24.75,6,1005,Delivered,32798.79
101195,12/27/2024,1/1/2025,1/26/2025,C5517,Asia,Pakistan,P61464,Office Chair,Furniture,S557,Orion Supplies,North America,WH 04,Istanbul,Sea,221,251.68,55621.28,12.05,25,1294,Delivered,14948.1
101196,2/20/2025,2/22/2025,3/2/2025,C8097,Europe,Germany,P54735,Toothpaste Box,FMCG,S658,Orion Supplies,Middle East,WH 09,Johannesburg,Road,498,16.47,8202.06,26.59,8,3046,Delivered,1131.94
101197,9/14/2024,9/14/2024,9/18/2024,C9146,North America,Canada,P61389,First Aid Kit,Healthcare,S702,Vertex Manufacturing,Europe,WH 09,Johannesburg,Road,447,24.24,10835.28,25.15,4,2875,Delivered,1801.6
101198,7/31/2024,8/4/2024,8/15/2024,C1142,Middle East,United Arab Emirates,P48769,Toothpaste Box,FMCG,S608,BlueRiver Trading,North America,WH 06,Amsterdam,Rail,147,23.71,3485.37,14.26,11,1760,In Transit,536.79
101199,9/25/2025,9/25/2025,10/11/2025,C4174,Asia,Malaysia,P97905,T Shirt Bundle,Apparel,S982,Evergreen Partners,Europe,WH 08,Chicago,Sea,49,84.7,4150.3,8.91,16,1262,Delivered,1054.39
101200,1/29/2025,1/29/2025,2/20/2025,C9465,Asia,China,P10589,Socks Pack,Apparel,S752,Zenith Procurement,Asia,WH 02,Lahore,Sea,297,115.49,34300.53,9.95,22,2140,Delivered,8242.07
101201,6/28/2025,7/2/2025,7/26/2025,C1637,Middle East,Qatar,P25828,Face Mask Box,Healthcare,S396,BlueRiver Trading,Africa,WH 10,Cairo,Sea,94,37.76,3549.44,9.73,24,4328,Delivered,508.44
101202,4/2/2025,4/5/2025,4/29/2025,C1580,North America,United States,P42209,Hand Sanitizer Case,Healthcare,S319,Evergreen Partners,Europe,WH 06,Amsterdam,Sea,428,52.71,22559.88,15.82,24,1670,Delivered,2136.05
101203,4/25/2025,4/29/2025,5/19/2025,C2865,North America,Mexico,P38887,Office Chair,Furniture,S824,Zenith Procurement,Asia,WH 10,Cairo,Sea,313,299.49,93740.37,13.72,20,1875,Delivered,23857.92
101204,1/19/2025,1/23/2025,2/5/2025,C7066,Middle East,Turkey,P36723,Detergent Bag,FMCG,S600,Vertex Manufacturing,Asia,WH 04,Istanbul,Rail,392,20.96,8216.32,20.22,13,4125,Delayed,816.6
101205,9/21/2025,9/22/2025,9/26/2025,C7240,Africa,South Africa,P57565,Denim Jeans,Apparel,S738,Evergreen Partners,Europe,WH 10,Cairo,Road,255,114.67,29240.85,19.7,4,2274,Delivered,7764.71
101206,10/2/2025,10/6/2025,10/13/2025,C9174,Asia,India,P19864,Sportswear Set,Apparel,S890,Nova Industrial,Europe,WH 03,Dubai,Road,343,73.39,25172.77,22.2,7,820,Delivered,6620.58
101207,7/7/2024,7/9/2024,7/15/2024,C9089,Europe,Poland,P61772,Smart Watch,Electronics,S973,Vertex Manufacturing,Middle East,WH 06,Amsterdam,Rail,288,123.96,35700.48,17.69,6,591,In Transit,4932.51
101208,6/18/2024,6/23/2024,7/12/2024,C5864,North America,Canada,P28632,Router,Electronics,S543,Evergreen Partners,North America,WH 01,Karachi,Sea,334,219.51,73316.34,10.45,19,1179,Cancelled,-142.46
101209,3/13/2025,3/15/2025,4/2/2025,C7030,North America,Canada,P30995,Toothpaste Box,FMCG,S848,Summit Supply Co,Asia,WH 04,Istanbul,Sea,47,13.63,640.61,8.88,18,4816,Cancelled,-171.44
101210,2/2/2024,2/7/2024,2/21/2024,C3392,Africa,Egypt,P38688,Hand Sanitizer Case,Healthcare,S923,Crescent Logistics,Middle East,WH 01,Karachi,Sea,59,76.96,4540.64,9.09,14,1601,Delivered,588.37
101211,7/5/2024,7/6/2024,7/15/2024,C2846,Middle East,United Arab Emirates,P65744,Shampoo Pack,FMCG,S793,Crescent Logistics,Europe,WH 03,Dubai,Road,361,29.55,10667.55,22.71,9,2135,Delivered,511
101212,5/14/2025,5/14/2025,5/18/2025,C9849,Europe,Netherlands,P68397,First Aid Kit,Healthcare,S676,Atlas Sourcing,Africa,WH 02,Lahore,Road,33,20.04,661.32,13.41,4,3172,Delivered,28.56
101213,4/9/2025,4/10/2025,4/20/2025,C4563,Middle East,Qatar,P38205,Toothpaste Box,FMCG,S790,Atlas Sourcing,Middle East,WH 03,Dubai,Rail,276,30.32,8368.32,12.89,10,3891,Delivered,1166.37
101214,12/8/2025,12/11/2025,1/5/2026,C6462,North America,Canada,P66049,Face Mask Box,Healthcare,S486,Atlas Sourcing,North America,WH 08,Chicago,Sea,403,74.99,30220.97,11.38,25,4444,Delivered,2838.4
101215,1/17/2024,1/22/2024,1/26/2024,C1841,North America,Canada,P55706,Study Table,Furniture,S160,Pioneer Distribution,Middle East,WH 07,Toronto,Road,303,49.78,15083.34,21.06,4,1372,Delivered,3032.98
101216,2/23/2025,2/24/2025,3/14/2025,C1899,Europe,Sweden,P29861,Office Chair,Furniture,S820,Evergreen Partners,Middle East,WH 02,Lahore,Rail,287,168.6,48388.2,17.67,18,1683,Delayed,8180.02
101217,8/14/2025,8/19/2025,8/23/2025,C5803,Africa,Morocco,P92897,Detergent Bag,FMCG,S489,Crescent Logistics,North America,WH 07,Toronto,Air,291,15.1,4394.1,47.37,4,2934,Delivered,206.66
101218,7/21/2025,7/21/2025,8/1/2025,C9120,North America,Canada,P59047,Sportswear Set,Apparel,S157,Summit Supply Co,Africa,WH 08,Chicago,Rail,82,94.66,7762.12,12.68,11,1951,Delivered,1705.59
101219,1/19/2024,1/19/2024,1/27/2024,C3802,North America,United States,P17312,Study Table,Furniture,S757,Crescent Logistics,Europe,WH 01,Karachi,Road,90,143.1,12879,15.03,8,1116,Cancelled,-40.39
101220,7/22/2024,7/25/2024,8/2/2024,C7891,Africa,Nigeria,P97513,Floor Lamp,Furniture,S626,Evergreen Partners,Middle East,WH 06,Amsterdam,Road,153,139.01,21268.53,16.81,8,1551,In Transit,5923.29
101221,7/5/2025,7/10/2025,7/22/2025,C4549,Middle East,Qatar,P59766,Vitamin Pack,Healthcare,S106,Evergreen Partners,Asia,WH 02,Lahore,Rail,173,45.63,7893.99,14.9,12,2100,In Transit,669.62
101222,7/1/2025,7/3/2025,7/14/2025,C1749,Africa,Kenya,P31676,Bottled Water Case,FMCG,S400,Nova Industrial,North America,WH 09,Johannesburg,Rail,97,26.07,2528.79,13.05,11,4924,Delivered,191.28
101223,4/23/2024,4/26/2024,5/10/2024,C5732,North America,Mexico,P62620,Power Bank,Electronics,S924,Evergreen Partners,Europe,WH 04,Istanbul,Rail,320,433.28,138649.6,18.47,14,989,Delivered,13732.74
101224,2/7/2025,2/7/2025,2/21/2025,C8632,Asia,Vietnam,P26444,T Shirt Bundle,Apparel,S607,Crescent Logistics,North America,WH 10,Cairo,Rail,132,58.57,7731.24,13.9,14,1336,Delivered,1685.02
101225,4/22/2024,4/22/2024,5/5/2024,C3964,Europe,Italy,P18104,Detergent Bag,FMCG,S386,Vertex Manufacturing,Europe,WH 01,Karachi,Rail,164,19.18,3145.52,10.87,13,3553,Delayed,545.47
101226,9/22/2024,9/24/2024,10/3/2024,C2702,Asia,China,P72723,Floor Lamp,Furniture,S754,Vertex Manufacturing,Asia,WH 09,Johannesburg,Road,213,303.9,64730.7,13.71,9,813,In Transit,12317.78
101227,3/2/2024,3/3/2024,3/21/2024,C6177,Middle East,Saudi Arabia,P21160,Bookshelf,Furniture,S576,Nova Industrial,Africa,WH 09,Johannesburg,Sea,385,336.14,129413.9,15.04,18,985,Delivered,21261.41
101228,2/12/2025,2/14/2025,2/27/2025,C1303,Africa,Nigeria,P44930,Office Chair,Furniture,S442,BlueRiver Trading,Africa,WH 06,Amsterdam,Rail,260,334.15,86879,12.6,13,1218,Delivered,16283.84
101229,1/1/2024,1/1/2024,1/14/2024,C8466,North America,Mexico,P90631,Bottled Water Case,FMCG,S396,Nova Industrial,Asia,WH 03,Dubai,Sea,474,45.19,21420.06,16.66,13,4178,Delivered,2305.91
101230,5/24/2025,5/24/2025,6/3/2025,C2982,Asia,Pakistan,P45765,Power Bank,Electronics,S786,Summit Supply Co,Middle East,WH 05,Frankfurt,Rail,176,205.93,36243.68,14.97,10,959,Delivered,5592.25
101231,2/19/2024,2/20/2024,2/28/2024,C1568,Europe,France,P25701,Denim Jeans,Apparel,S629,Crescent Logistics,Europe,WH 08,Chicago,Rail,281,57.74,16224.94,12.98,8,3490,Delivered,2210.56
101232,11/1/2025,11/4/2025,11/22/2025,C1559,Africa,South Africa,P56097,Storage Cabinet,Furniture,S577,Atlas Sourcing,Europe,WH 04,Istanbul,Sea,489,280.55,137188.95,16.93,18,1519,In Transit,35716.77
101233,9/28/2025,10/1/2025,10/7/2025,C1125,Europe,Sweden,P76735,Snack Carton,FMCG,S763,Evergreen Partners,Middle East,WH 10,Cairo,Road,191,31.7,6054.7,17.89,6,3365,Delivered,374.67
101234,4/7/2025,4/9/2025,4/16/2025,C6024,Europe,Germany,P34691,T Shirt Bundle,Apparel,S713,Evergreen Partners,Asia,WH 05,Frankfurt,Road,17,60.34,1025.78,12.96,7,1763,Delivered,255.32
101235,3/28/2024,3/29/2024,4/3/2024,C1163,North America,United States,P62540,First Aid Kit,Healthcare,S755,Pioneer Distribution,Middle East,WH 02,Lahore,Road,344,71.24,24506.56,22.23,5,2077,In Transit,4245.05
101236,11/1/2024,11/4/2024,11/14/2024,C7590,Asia,Bangladesh,P41432,Router,Electronics,S590,Orion Supplies,Asia,WH 04,Istanbul,Road,442,317.24,140220.08,18.52,10,1621,Delivered,16263.26
101237,8/10/2024,8/13/2024,8/19/2024,C1957,Middle East,Turkey,P83823,Hand Sanitizer Case,Healthcare,S206,Pioneer Distribution,Middle East,WH 06,Amsterdam,Road,129,22.13,2854.77,11.95,6,1901,Delivered,501.07
101238,7/2/2025,7/2/2025,7/11/2025,C7406,North America,Canada,P43924,Hoodie,Apparel,S909,Atlas Sourcing,North America,WH 07,Toronto,Rail,353,75.66,26707.98,14.27,9,2208,Delivered,6585.92
101239,6/27/2025,6/30/2025,7/10/2025,C8458,Africa,South Africa,P94075,Hoodie,Apparel,S507,BlueRiver Trading,Asia,WH 08,Chicago,Rail,49,13.48,660.52,11.88,10,2309,Delivered,94.29
101240,9/14/2024,9/19/2024,10/2/2024,C4754,Europe,Germany,P26593,Vitamin Pack,Healthcare,S907,Summit Supply Co,North America,WH 04,Istanbul,Rail,98,14.46,1417.08,13.07,13,437,Delivered,233.47
101241,4/13/2025,4/17/2025,4/20/2025,C8257,Middle East,Turkey,P26533,Storage Cabinet,Furniture,S854,Evergreen Partners,Europe,WH 01,Karachi,Air,147,212.66,31261.02,38.04,3,1674,Delivered,4210.77
101242,3/1/2024,3/4/2024,3/8/2024,C7667,Asia,China,P77799,T Shirt Bundle,Apparel,S688,Zenith Procurement,Middle East,WH 04,Istanbul,Air,241,119.54,28809.14,44.13,4,2891,Delivered,3469.93
101243,12/23/2025,12/25/2025,12/30/2025,C1707,Middle East,Turkey,P91393,Wireless Earbuds,Electronics,S534,Evergreen Partners,Middle East,WH 02,Lahore,Rail,278,156.98,43640.44,12.92,5,433,Delivered,5923.09
101244,8/19/2024,8/21/2024,8/25/2024,C8877,North America,Mexico,P48938,Toothpaste Box,FMCG,S762,Summit Supply Co,Africa,WH 09,Johannesburg,Rail,312,21.76,6789.12,18.27,4,2944,Delivered,804.62
101245,11/23/2024,11/24/2024,12/4/2024,C6244,Europe,Spain,P40929,Wireless Earbuds,Electronics,S883,Summit Supply Co,Middle East,WH 03,Dubai,Road,222,392.23,87075.06,18.77,10,206,Delivered,9566.62
101246,2/22/2025,2/23/2025,3/4/2025,C9962,Asia,Malaysia,P81980,First Aid Kit,Healthcare,S405,Atlas Sourcing,Europe,WH 03,Dubai,Rail,11,87.82,966.02,10.96,9,3414,Delivered,127.05
101247,11/22/2025,11/24/2025,11/30/2025,C4168,Asia,Malaysia,P41000,Smart Watch,Electronics,S209,Zenith Procurement,Middle East,WH 05,Frankfurt,Road,46,188.04,8649.84,13.78,6,237,Delivered,765.28
101248,9/17/2024,9/17/2024,10/6/2024,C3531,North America,Mexico,P47487,Office Chair,Furniture,S755,Crescent Logistics,Africa,WH 08,Chicago,Sea,265,272.05,72093.25,12.85,19,1866,Delivered,18698.06
101249,1/1/2025,1/1/2025,1/3/2025,C7589,North America,United States,P58241,Thermometer,Healthcare,S791,BlueRiver Trading,North America,WH 07,Toronto,Road,203,78.43,15921.29,13.5,2,1960,Delivered,2387.81
101250,9/8/2024,9/10/2024,9/19/2024,C5723,Africa,Egypt,P84684,Toothpaste Box,FMCG,S166,Nova Industrial,Asia,WH 05,Frankfurt,Rail,22,25.95,570.9,11.23,9,3126,Delivered,52.52
101251,4/6/2024,4/8/2024,4/10/2024,C5172,Asia,Pakistan,P22836,Socks Pack,Apparel,S897,Atlas Sourcing,Asia,WH 10,Cairo,Road,434,111.15,48239.1,18.35,2,964,Delivered,7554.11
101252,12/20/2025,12/22/2025,12/27/2025,C6562,Europe,Sweden,P83285,Sportswear Set,Apparel,S747,Vertex Manufacturing,Asia,WH 05,Frankfurt,Air,289,72.17,20857.13,47.24,5,2198,Delivered,6141.74
101253,2/13/2024,2/18/2024,2/26/2024,C1632,Africa,Morocco,P12199,Bottled Water Case,FMCG,S312,Evergreen Partners,North America,WH 06,Amsterdam,Road,243,39.14,9511.02,19.36,8,660,Delivered,886.18
101254,5/3/2025,5/3/2025,5/18/2025,C5795,Africa,Morocco,P20691,First Aid Kit,Healthcare,S512,BlueRiver Trading,Middle East,WH 01,Karachi,Sea,431,36.01,15520.31,15.87,15,591,Delivered,1334.03
101255,5/18/2024,5/19/2024,5/27/2024,C8858,North America,United States,P30703,Denim Jeans,Apparel,S369,Pioneer Distribution,Middle East,WH 03,Dubai,Rail,499,104.52,52155.48,22.82,8,3355,Delivered,15569.1
101256,8/26/2025,8/28/2025,8/31/2025,C2466,Europe,Poland,P51876,Router,Electronics,S420,Zenith Procurement,North America,WH 09,Johannesburg,Air,102,132.77,13542.54,35.12,3,921,Delivered,1217.05
101257,7/24/2025,7/29/2025,8/6/2025,C3415,North America,Mexico,P22905,Face Mask Box,Healthcare,S197,Atlas Sourcing,Middle East,WH 05,Frankfurt,Road,277,65.22,18065.94,20.33,8,3254,Delivered,3070.64
101258,6/11/2024,6/14/2024,6/20/2024,C1189,Asia,Vietnam,P21752,Denim Jeans,Apparel,S988,Atlas Sourcing,Europe,WH 01,Karachi,Rail,324,82.15,26616.6,18.57,6,326,Delivered,6194.2
101259,8/19/2025,8/24/2025,9/14/2025,C6873,Middle East,Oman,P38013,Denim Jeans,Apparel,S718,Orion Supplies,Africa,WH 07,Toronto,Sea,357,80.26,28652.82,14.53,21,2989,Cancelled,-221.74
101260,7/18/2024,7/22/2024,7/27/2024,C2548,Middle East,Oman,P37215,Sportswear Set,Apparel,S385,Evergreen Partners,Asia,WH 09,Johannesburg,Air,168,42.87,7202.16,39.4,5,2981,Delivered,1685.52
101261,10/19/2024,10/24/2024,10/27/2024,C1526,North America,Mexico,P11753,Detergent Bag,FMCG,S748,Evergreen Partners,Asia,WH 03,Dubai,Air,330,49.4,16302,49.9,3,2328,Delivered,1126
101262,3/23/2024,3/24/2024,3/26/2024,C3883,Africa,South Africa,P97804,Sportswear Set,Apparel,S548,Crescent Logistics,Africa,WH 03,Dubai,Air,248,28.78,7137.44,33.02,2,613,Delivered,1472.9
101263,1/19/2025,1/20/2025,2/5/2025,C2098,Middle East,Qatar,P24679,Toothpaste Box,FMCG,S813,Atlas Sourcing,Europe,WH 01,Karachi,Rail,151,46.97,7092.47,14.36,16,3542,Delayed,963.21
101264,11/21/2025,11/26/2025,11/29/2025,C6835,Africa,South Africa,P83662,Bottled Water Case,FMCG,S978,Evergreen Partners,Europe,WH 01,Karachi,Air,142,18.61,2642.62,37.71,3,2703,Delivered,315.66
101265,3/14/2024,3/19/2024,3/29/2024,C6700,North America,Canada,P50000,Shampoo Pack,FMCG,S292,BlueRiver Trading,Africa,WH 06,Amsterdam,Road,450,29.47,13261.5,25.23,10,2757,Delivered,1734.22
101266,3/31/2025,4/4/2025,4/17/2025,C3349,Europe,Poland,P24332,Study Table,Furniture,S723,Orion Supplies,Asia,WH 04,Istanbul,Rail,346,317.3,109785.8,19.1,13,2057,Delivered,14835.99
101267,9/28/2024,9/28/2024,10/6/2024,C6299,Middle East,Qatar,P88488,First Aid Kit,Healthcare,S845,Evergreen Partners,Asia,WH 08,Chicago,Rail,32,84.32,2698.24,11.47,8,1468,Delivered,378.5
101268,10/8/2025,10/13/2025,10/28/2025,C5369,North America,Mexico,P30325,Bookshelf,Furniture,S977,Orion Supplies,Asia,WH 02,Lahore,Rail,347,316.23,109731.81,19.12,15,1822,Delayed,29393.34
101269,5/2/2024,5/6/2024,5/14/2024,C1807,Asia,Malaysia,P55799,First Aid Kit,Healthcare,S150,Orion Supplies,Africa,WH 10,Cairo,Road,146,24.28,3544.88,16.61,8,3864,Delivered,304.92
101270,3/20/2024,3/21/2024,4/2/2024,C4728,North America,Mexico,P47304,Router,Electronics,S225,Crescent Logistics,Middle East,WH 08,Chicago,Rail,191,281.61,53787.51,15.33,12,327,Delivered,7742.01
101271,12/6/2025,12/11/2025,12/18/2025,C7856,North America,Mexico,P16089,Shampoo Pack,FMCG,S418,Zenith Procurement,Asia,WH 09,Johannesburg,Rail,208,35.58,7400.64,15.75,7,2852,In Transit,815.79
101272,1/5/2025,1/9/2025,1/19/2025,C5807,Middle East,United Arab Emirates,P93457,Storage Cabinet,Furniture,S900,Summit Supply Co,Africa,WH 08,Chicago,Sea,341,269.34,91844.94,14.23,10,1211,Delivered,15546.81
101273,7/6/2024,7/9/2024,7/17/2024,C2526,Africa,Morocco,P96314,Vitamin Pack,Healthcare,S300,Atlas Sourcing,Asia,WH 03,Dubai,Road,144,40.01,5761.44,16.56,8,3713,Delivered,992.88
101274,5/10/2025,5/13/2025,5/24/2025,C5723,Asia,Indonesia,P14213,Bookshelf,Furniture,S369,BlueRiver Trading,Asia,WH 03,Dubai,Sea,404,195.38,78933.52,11.39,11,211,Delivered,20900.25
101275,7/15/2025,7/17/2025,8/11/2025,C4419,Europe,Germany,P11144,Hand Sanitizer Case,Healthcare,S751,Orion Supplies,Asia,WH 02,Lahore,Sea,25,73.13,1828.25,8.47,25,760,Delivered,240.17
101276,8/7/2025,8/11/2025,8/12/2025,C1118,North America,Mexico,P94963,Bottled Water Case,FMCG,S577,Orion Supplies,Europe,WH 05,Frankfurt,Air,423,23.8,10067.4,55.92,1,4891,Delivered,1318.5
101277,9/19/2024,9/23/2024,9/26/2024,C5290,Africa,Nigeria,P65034,Face Mask Box,Healthcare,S542,Crescent Logistics,Africa,WH 08,Chicago,Road,312,13.51,4215.12,15.79,3,1722,Delivered,768.43
101278,5/31/2025,5/31/2025,6/5/2025,C5904,Africa,Nigeria,P55534,Thermometer,Healthcare,S308,Summit Supply Co,Europe,WH 02,Lahore,Air,172,40.03,6885.16,39.66,5,3959,Delivered,650.65
101279,8/5/2025,8/10/2025,8/14/2025,C5816,Europe,Germany,P17188,Toothpaste Box,FMCG,S381,Nova Industrial,Europe,WH 03,Dubai,Road,258,10.14,2616.12,14.66,4,3903,In Transit,365.28
101280,6/20/2025,6/20/2025,7/4/2025,C7536,Africa,Nigeria,P93086,Denim Jeans,Apparel,S603,Vertex Manufacturing,Middle East,WH 02,Lahore,Sea,291,107.87,31390.17,13.32,14,2417,Delivered,4403.92
101281,11/29/2024,12/3/2024,12/7/2024,C2362,North America,Canada,P10925,Bottled Water Case,FMCG,S499,Pioneer Distribution,Asia,WH 05,Frankfurt,Air,405,29.18,11817.9,54.76,4,2877,Delivered,248.35
101282,1/1/2024,1/3/2024,1/13/2024,C8201,Europe,Netherlands,P91583,Shampoo Pack,FMCG,S516,Nova Industrial,Europe,WH 06,Amsterdam,Rail,205,17.48,3583.4,11.61,10,2080,Delivered,420.93
101283,2/21/2025,2/24/2025,3/20/2025,C6439,Middle East,Saudi Arabia,P79843,Sportswear Set,Apparel,S416,Evergreen Partners,Asia,WH 10,Cairo,Sea,194,66.43,12887.42,11.55,24,1389,Delivered,1446.48
101284,10/3/2024,10/7/2024,10/30/2024,C9797,Asia,Bangladesh,P47371,Router,Electronics,S174,BlueRiver Trading,Africa,WH 07,Toronto,Sea,479,286.96,137453.84,16.75,23,191,Delivered,23525.47
101285,12/21/2024,12/25/2024,12/31/2024,C5763,North America,Mexico,P52294,Wireless Earbuds,Electronics,S370,Zenith Procurement,North America,WH 03,Dubai,Road,73,108.53,7922.69,10.77,6,288,Delivered,1642.37
101286,8/3/2025,8/4/2025,8/20/2025,C7307,North America,United States,P41325,Power Bank,Electronics,S348,Atlas Sourcing,Middle East,WH 02,Lahore,Sea,77,365.73,28161.21,9.42,16,880,Delivered,3554.63
101287,4/4/2025,4/9/2025,4/12/2025,C4511,Europe,Netherlands,P64030,Socks Pack,Apparel,S438,Pioneer Distribution,Asia,WH 09,Johannesburg,Road,485,76.81,37252.85,26.22,3,858,Delivered,6174.35
101288,5/28/2024,5/31/2024,6/1/2024,C7023,Africa,Nigeria,P30543,Hand Sanitizer Case,Healthcare,S737,Vertex Manufacturing,Asia,WH 01,Karachi,Air,227,80.79,18339.33,43.22,1,1971,Delivered,2898.28
101289,10/24/2025,10/29/2025,11/12/2025,C4018,North America,Canada,P25299,Snack Carton,FMCG,S580,Summit Supply Co,Africa,WH 10,Cairo,Sea,376,25.37,9539.12,14.87,14,1739,Delivered,1157.1
101290,10/4/2025,10/7/2025,10/21/2025,C5773,Middle East,Turkey,P58372,Snack Carton,FMCG,S318,Orion Supplies,Africa,WH 03,Dubai,Rail,111,13,1443,13.39,14,2551,Delivered,87.59
101291,1/16/2024,1/20/2024,2/6/2024,C3646,Europe,Spain,P29290,Hand Sanitizer Case,Healthcare,S822,Orion Supplies,North America,WH 04,Istanbul,Sea,223,49.33,11000.59,12.08,17,3212,Delayed,1621.75
101292,12/10/2025,12/13/2025,12/24/2025,C8088,Middle East,Saudi Arabia,P22822,Bookshelf,Furniture,S772,Pioneer Distribution,Africa,WH 05,Frankfurt,Rail,50,256.37,12818.5,11.91,11,617,In Transit,3111.99
101293,7/5/2025,7/5/2025,7/7/2025,C7153,Middle East,Turkey,P12794,Snack Carton,FMCG,S936,BlueRiver Trading,North America,WH 07,Toronto,Air,274,23.27,6375.98,46.27,2,2190,Delivered,838.6
101294,4/11/2024,4/11/2024,4/12/2024,C6906,Asia,China,P34886,Bluetooth Speaker,Electronics,S750,Atlas Sourcing,Asia,WH 03,Dubai,Air,236,121.85,28756.6,32.45,1,366,Delivered,3086.4
101295,10/8/2025,10/11/2025,10/19/2025,C3915,Asia,China,P66050,Socks Pack,Apparel,S351,Pioneer Distribution,Asia,WH 07,Toronto,Road,30,15.75,472.5,9.87,8,824,Delivered,50.61
101296,7/10/2024,7/11/2024,7/28/2024,C1902,Middle East,Oman,P48487,Thermometer,Healthcare,S296,BlueRiver Trading,Middle East,WH 01,Karachi,Sea,478,23.83,11390.74,12.39,17,1055,Delayed,827.96
101297,3/8/2025,3/8/2025,3/18/2025,C5694,Asia,China,P68676,Storage Cabinet,Furniture,S835,Zenith Procurement,Europe,WH 09,Johannesburg,Sea,53,48.68,2580.04,8.98,10,488,Delivered,375.05
101298,2/24/2025,2/24/2025,3/6/2025,C8639,Africa,Egypt,P27875,Detergent Bag,FMCG,S979,Atlas Sourcing,Europe,WH 02,Lahore,Road,359,16.02,5751.18,22.65,10,2159,Delivered,710.04
101299,2/25/2024,2/27/2024,2/29/2024,C5442,Europe,Netherlands,P84783,T Shirt Bundle,Apparel,S232,Evergreen Partners,Middle East,WH 07,Toronto,Air,73,102.83,7506.59,33.24,2,1515,Delivered,804.02
101300,1/26/2024,1/30/2024,2/18/2024,C7593,North America,United States,P40875,Denim Jeans,Apparel,S570,Summit Supply Co,Asia,WH 05,Frankfurt,Sea,429,71.4,30630.6,15.84,19,800,Delivered,5423.43
101301,7/25/2025,7/30/2025,8/4/2025,C5980,Middle East,Qatar,P51341,Denim Jeans,Apparel,S312,Orion Supplies,Africa,WH 07,Toronto,Air,342,54.93,18786.06,50.67,5,2400,Delivered,2546.67
101302,2/21/2025,2/22/2025,3/6/2025,C6319,North America,Mexico,P54191,Vitamin Pack,Healthcare,S794,Pioneer Distribution,Africa,WH 08,Chicago,Sea,362,88.76,32131.12,14.62,12,4026,Delivered,2349.37
101303,5/20/2025,5/25/2025,5/28/2025,C1363,North America,United States,P57342,Face Mask Box,Healthcare,S500,Zenith Procurement,North America,WH 06,Amsterdam,Road,343,42.3,14508.9,16.44,3,3362,Delivered,30.58
101304,7/2/2025,7/7/2025,7/17/2025,C9956,Asia,Bangladesh,P15465,Bottled Water Case,FMCG,S598,Zenith Procurement,Asia,WH 02,Lahore,Road,469,27.05,12686.45,19.09,10,3244,Delivered,2211.51
101305,5/15/2024,5/20/2024,5/25/2024,C7546,Middle East,Saudi Arabia,P83932,Router,Electronics,S598,Summit Supply Co,Europe,WH 07,Toronto,Rail,333,398.98,132860.34,18.78,5,1354,Delivered,12629.23
101306,10/1/2025,10/2/2025,10/14/2025,C7382,Middle East,United Arab Emirates,P52710,Snack Carton,FMCG,S903,Atlas Sourcing,Middle East,WH 07,Toronto,Road,233,10.3,2399.9,14.13,12,1752,Delayed,268.51
101307,3/6/2024,3/10/2024,3/12/2024,C7590,North America,Canada,P37924,Study Table,Furniture,S481,Summit Supply Co,North America,WH 02,Lahore,Air,133,128.01,17025.33,27.5,2,1863,Delivered,4153.89
101308,12/28/2025,1/1/2026,1/8/2026,C5031,Middle East,Saudi Arabia,P25029,Snack Carton,FMCG,S167,Evergreen Partners,Asia,WH 06,Amsterdam,Rail,443,24.53,10866.79,21.46,7,4042,Delivered,1391.14
101309,7/13/2024,7/13/2024,8/4/2024,C6119,Asia,India,P40579,T Shirt Bundle,Apparel,S340,Crescent Logistics,Middle East,WH 07,Toronto,Sea,163,67.92,11070.96,10.99,22,3029,Delayed,1744.4
101310,9/22/2024,9/23/2024,9/27/2024,C7664,Asia,India,P86377,Bottled Water Case,FMCG,S635,Nova Industrial,Asia,WH 07,Toronto,Air,149,7.15,1065.35,28.27,4,4259,In Transit,100.52
101311,2/12/2024,2/16/2024,2/23/2024,C6331,Africa,Egypt,P34583,Snack Carton,FMCG,S733,Evergreen Partners,Africa,WH 07,Toronto,Rail,492,21.91,10779.72,16.78,7,1556,Delivered,1772.73
101312,1/13/2025,1/13/2025,2/6/2025,C9254,Asia,Pakistan,P13571,Smart Watch,Electronics,S220,Crescent Logistics,North America,WH 09,Johannesburg,Sea,355,431.57,153207.35,14.49,24,1180,In Transit,23331.56
101313,8/27/2025,8/31/2025,9/3/2025,C6434,Europe,Germany,P86680,Sportswear Set,Apparel,S381,Vertex Manufacturing,Asia,WH 07,Toronto,Road,268,24.12,6464.16,20.07,3,2202,Delivered,1228.81
101314,2/13/2024,2/13/2024,2/22/2024,C5370,North America,Canada,P54389,Office Chair,Furniture,S525,Evergreen Partners,Europe,WH 10,Cairo,Rail,29,228.58,6628.82,11.4,9,2176,Delivered,1612.19
101315,2/19/2024,2/22/2024,3/9/2024,C7292,Africa,Kenya,P97097,Snack Carton,FMCG,S261,BlueRiver Trading,North America,WH 04,Istanbul,Sea,360,21.89,7880.4,14.58,16,4790,In Transit,1136.3
101316,3/23/2025,3/23/2025,4/4/2025,C6909,Europe,Spain,P86213,Router,Electronics,S615,Vertex Manufacturing,Europe,WH 04,Istanbul,Rail,74,329.64,24393.36,9.25,12,1648,Delivered,2164.79
101317,9/14/2025,9/16/2025,10/4/2025,C1867,Europe,Germany,P88040,Bottled Water Case,FMCG,S908,Orion Supplies,North America,WH 04,Istanbul,Sea,458,44.45,20358.1,16.37,18,2312,Delivered,1888.61
101318,8/12/2024,8/14/2024,9/7/2024,C2897,Middle East,United Arab Emirates,P87264,First Aid Kit,Healthcare,S231,BlueRiver Trading,Asia,WH 07,Toronto,Sea,122,68.58,8366.76,10.24,24,2920,Delivered,1103.08
101319,9/16/2025,9/19/2025,9/25/2025,C9325,Africa,Nigeria,P14486,Toothpaste Box,FMCG,S201,Zenith Procurement,Middle East,WH 08,Chicago,Rail,149,48.93,7290.57,14.31,6,2858,Delivered,530.97
101320,1/6/2024,1/11/2024,1/14/2024,C3959,Africa,Egypt,P39144,Wireless Earbuds,Electronics,S315,BlueRiver Trading,North America,WH 06,Amsterdam,Road,358,89.88,32177.04,22.62,3,1241,In Transit,3236.79
101321,4/12/2024,4/13/2024,4/16/2024,C2061,North America,Mexico,P69893,Study Table,Furniture,S752,Zenith Procurement,Asia,WH 03,Dubai,Air,115,324.64,37333.6,35.96,3,375,Delivered,8179.13
101322,11/30/2024,12/3/2024,12/13/2024,C1766,Asia,Pakistan,P39949,Denim Jeans,Apparel,S484,Nova Industrial,Middle East,WH 05,Frankfurt,Road,465,100.84,46890.6,25.66,10,1638,Delivered,4701.15
101323,6/24/2025,6/26/2025,6/29/2025,C7990,Middle East,Saudi Arabia,P79519,Sportswear Set,Apparel,S796,Zenith Procurement,North America,WH 05,Frankfurt,Road,490,102.62,50283.8,26.37,3,3194,Delivered,11974.99
101324,4/24/2025,4/24/2025,5/4/2025,C5939,Asia,China,P79269,Router,Electronics,S459,Crescent Logistics,North America,WH 06,Amsterdam,Road,185,410.15,75877.75,17.72,10,82,Delivered,7586.7
101325,8/31/2024,9/4/2024,9/7/2024,C9287,Africa,Morocco,P22460,Hand Sanitizer Case,Healthcare,S998,Atlas Sourcing,North America,WH 04,Istanbul,Air,415,25.75,10686.25,55.4,3,457,Delivered,1987.78
101326,5/22/2024,5/23/2024,6/6/2024,C3074,Asia,Pakistan,P26006,Detergent Bag,FMCG,S996,BlueRiver Trading,Asia,WH 10,Cairo,Rail,211,44.73,9438.03,11.72,14,3465,Delivered,646.04
101327,1/11/2025,1/12/2025,1/23/2025,C2329,Europe,Poland,P51420,Office Chair,Furniture,S906,BlueRiver Trading,Africa,WH 10,Cairo,Sea,125,231.94,28992.5,10.3,11,108,In Transit,7478.94
101328,8/15/2025,8/15/2025,8/18/2025,C4976,North America,Mexico,P98340,Study Table,Furniture,S972,Summit Supply Co,Europe,WH 01,Karachi,Air,81,58.71,4755.51,33.76,3,1324,Delivered,554.34
101329,4/6/2025,4/11/2025,5/2/2025,C4564,Europe,Spain,P48526,Hand Sanitizer Case,Healthcare,S780,Summit Supply Co,North America,WH 06,Amsterdam,Sea,363,46.36,16828.68,14.63,21,2577,Cancelled,-128.28
101330,7/4/2024,7/9/2024,7/13/2024,C4054,Asia,Malaysia,P18977,Power Bank,Electronics,S556,Evergreen Partners,Africa,WH 09,Johannesburg,Rail,337,68.5,23084.5,18.88,4,603,Delivered,4311.85
101331,1/23/2024,1/23/2024,1/31/2024,C2216,Europe,Netherlands,P24800,Denim Jeans,Apparel,S883,Nova Industrial,Asia,WH 10,Cairo,Road,384,97,37248,23.36,8,2826,Delivered,4219.25
101332,8/13/2024,8/15/2024,8/20/2024,C9667,Europe,Poland,P43292,Floor Lamp,Furniture,S524,Summit Supply Co,Africa,WH 02,Lahore,Road,21,227.87,4785.27,13.07,5,618,In Transit,699.98
101333,3/12/2024,3/14/2024,3/26/2024,C9152,Middle East,Turkey,P67395,Storage Cabinet,Furniture,S673,Evergreen Partners,Middle East,WH 10,Cairo,Sea,128,182.54,23365.12,7.67,12,1312,In Transit,3013.21
101334,5/9/2025,5/9/2025,5/12/2025,C3416,Europe,France,P25964,Smart Watch,Electronics,S331,Vertex Manufacturing,Europe,WH 10,Cairo,Air,411,150.25,61752.75,40.85,3,1096,Delivered,7423.94
101335,6/1/2024,6/1/2024,6/6/2024,C4288,Africa,Egypt,P88254,Thermometer,Healthcare,S391,Nova Industrial,North America,WH 04,Istanbul,Road,390,57.95,22600.5,23.53,5,3280,Delivered,1738.75
101336,5/24/2024,5/27/2024,6/1/2024,C3446,North America,Mexico,P13346,Smart Watch,Electronics,S223,Atlas Sourcing,Asia,WH 09,Johannesburg,Air,95,393.14,37348.3,34.67,5,1784,Delivered,3440.75
101337,1/23/2025,1/28/2025,2/14/2025,C5182,North America,United States,P54700,Snack Carton,FMCG,S364,Crescent Logistics,North America,WH 01,Karachi,Sea,274,36.75,10069.5,9.64,17,1773,Delivered,1010.04
101338,4/7/2025,4/7/2025,4/26/2025,C9746,Europe,Netherlands,P15136,Bluetooth Speaker,Electronics,S935,Zenith Procurement,Africa,WH 06,Amsterdam,Sea,294,418.8,123127.2,13.38,19,93,Delivered,18365.66
101339,3/16/2025,3/21/2025,3/25/2025,C9963,Asia,China,P48082,Hand Sanitizer Case,Healthcare,S508,Crescent Logistics,Middle East,WH 10,Cairo,Air,480,20.64,9907.2,59.62,4,3332,In Transit,1786.97
101340,1/13/2024,1/14/2024,1/19/2024,C5872,North America,United States,P53341,Wireless Earbuds,Electronics,S479,Atlas Sourcing,North America,WH 03,Dubai,Air,228,158.38,36110.64,32.06,5,503,Delivered,7205.96
101341,8/31/2025,9/4/2025,9/6/2025,C8177,Asia,Indonesia,P61158,Vitamin Pack,Healthcare,S143,Evergreen Partners,North America,WH 10,Cairo,Air,260,13.37,3476.2,45.36,2,1109,Delivered,496.41
101342,12/1/2024,12/3/2024,12/24/2024,C3177,Middle East,Saudi Arabia,P80639,Hoodie,Apparel,S638,Atlas Sourcing,Africa,WH 07,Toronto,Sea,11,60.86,669.46,8.22,21,1096,Delivered,165.99
101343,3/31/2025,4/1/2025,4/25/2025,C8163,Middle East,Saudi Arabia,P53924,Bookshelf,Furniture,S538,Crescent Logistics,Middle East,WH 02,Lahore,Sea,66,123.7,8164.2,6.83,24,1038,Delivered,1686.5
101344,12/14/2025,12/15/2025,12/21/2025,C8771,Europe,Spain,P11929,Toothpaste Box,FMCG,S600,Atlas Sourcing,Africa,WH 08,Chicago,Rail,236,25.85,6100.6,16.43,6,3519,Delivered,784.12
101345,11/11/2024,11/14/2024,12/6/2024,C2828,North America,United States,P21252,Denim Jeans,Apparel,S369,Crescent Logistics,Middle East,WH 10,Cairo,Sea,360,12.87,4633.2,14.58,22,1401,Delayed,602.16
101346,5/17/2025,5/20/2025,6/14/2025,C3747,Asia,India,P36641,Power Bank,Electronics,S544,Atlas Sourcing,Middle East,WH 07,Toronto,Sea,58,426.29,24724.82,9.08,25,1112,Delivered,2909.63
101347,5/12/2024,5/12/2024,5/21/2024,C1849,Africa,Kenya,P79498,Router,Electronics,S556,BlueRiver Trading,Middle East,WH 07,Toronto,Road,398,438.45,174503.1,23.76,9,910,Delivered,21069.37
101348,7/21/2025,7/22/2025,8/1/2025,C9275,Asia,Vietnam,P11601,Bluetooth Speaker,Electronics,S308,Crescent Logistics,Europe,WH 02,Lahore,Road,19,240.27,4565.13,13.01,10,283,Delivered,478.6
101349,1/9/2024,1/13/2024,1/16/2024,C9301,Europe,Poland,P96849,Vitamin Pack,Healthcare,S365,Orion Supplies,Asia,WH 09,Johannesburg,Air,382,8.28,3162.96,53.27,3,1154,Cancelled,-199.35
101350,11/10/2024,11/12/2024,11/13/2024,C2957,Asia,India,P98568,Bottled Water Case,FMCG,S948,Vertex Manufacturing,Middle East,WH 03,Dubai,Air,460,17.12,7875.2,58.32,1,2819,Delivered,627.49
101351,6/19/2025,6/20/2025,6/23/2025,C1744,North America,Canada,P98340,Toothpaste Box,FMCG,S542,Orion Supplies,Africa,WH 05,Frankfurt,Air,380,10.37,3940.6,53.14,3,475,Delivered,153.85
101352,7/15/2024,7/18/2024,8/2/2024,C6251,Asia,Vietnam,P29575,Bluetooth Speaker,Electronics,S827,Summit Supply Co,North America,WH 02,Lahore,Road,145,73.39,10641.55,16.58,15,578,Delayed,1373.6
101353,6/5/2025,6/10/2025,6/16/2025,C8608,Europe,Germany,P65149,Shampoo Pack,FMCG,S546,Atlas Sourcing,Middle East,WH 07,Toronto,Rail,116,7.29,845.64,13.51,6,4314,Delivered,34.09
101354,1/28/2025,1/29/2025,2/21/2025,C8002,North America,Mexico,P69273,Denim Jeans,Apparel,S796,Evergreen Partners,Asia,WH 08,Chicago,Sea,123,49.94,6142.62,10.26,23,1986,Delivered,1129.99
101355,4/20/2024,4/25/2024,5/19/2024,C3274,Asia,India,P20830,Wireless Earbuds,Electronics,S315,Zenith Procurement,Asia,WH 10,Cairo,Sea,442,238.16,105266.72,11.91,24,405,Delivered,22597.61
101356,2/23/2025,2/23/2025,2/27/2025,C4381,Asia,Bangladesh,P17447,Bluetooth Speaker,Electronics,S915,Vertex Manufacturing,Europe,WH 03,Dubai,Air,349,113.13,39482.37,51.13,4,1592,Delivered,7223.75
101357,7/19/2025,7/20/2025,8/2/2025,C1638,Africa,Nigeria,P83245,First Aid Kit,Healthcare,S123,Evergreen Partners,Europe,WH 05,Frankfurt,Rail,480,61.11,29332.8,22.36,13,3905,Delivered,5625.55
101358,4/8/2025,4/9/2025,4/11/2025,C9859,North America,United States,P27399,Sportswear Set,Apparel,S435,Zenith Procurement,North America,WH 02,Lahore,Air,163,38.17,6221.71,28.94,2,2284,Delivered,1163.82
101359,5/2/2024,5/2/2024,5/6/2024,C6633,Europe,Sweden,P42734,Snack Carton,FMCG,S470,Crescent Logistics,Middle East,WH 08,Chicago,Road,314,10.5,3297,21.38,4,1608,Delivered,219.82
101360,1/31/2024,2/5/2024,2/15/2024,C7037,Asia,Pakistan,P24426,Face Mask Box,Healthcare,S699,Nova Industrial,Europe,WH 02,Lahore,Rail,341,68.06,23208.46,18.98,10,1334,Delivered,3797.71
101361,2/23/2024,2/23/2024,2/26/2024,C1239,Europe,France,P70237,Bookshelf,Furniture,S517,Zenith Procurement,Middle East,WH 07,Toronto,Air,353,285.7,100852.1,51.39,3,1846,Delivered,21521.59
101362,8/15/2024,8/19/2024,8/26/2024,C3880,Middle East,Turkey,P59831,Denim Jeans,Apparel,S586,Atlas Sourcing,Middle East,WH 07,Toronto,Rail,46,108.11,4973.06,8.75,7,1588,Delivered,1424.91
101363,6/8/2025,6/11/2025,6/22/2025,C7376,Africa,Morocco,P20114,Storage Cabinet,Furniture,S737,Summit Supply Co,Europe,WH 07,Toronto,Rail,244,279.79,68268.76,16.62,11,2175,Delivered,10931.41
101364,4/26/2025,4/28/2025,5/4/2025,C7443,Africa,Egypt,P95469,Thermometer,Healthcare,S182,Atlas Sourcing,Asia,WH 04,Istanbul,Road,306,14.93,4568.58,21.15,6,3569,Delivered,354.26
101365,4/17/2024,4/20/2024,4/22/2024,C6737,Asia,India,P84975,Wireless Earbuds,Electronics,S361,Summit Supply Co,Middle East,WH 03,Dubai,Air,260,187.05,48633,45.36,2,175,Delivered,4956.6
101366,6/7/2025,6/8/2025,6/15/2025,C1812,Asia,Bangladesh,P67052,Denim Jeans,Apparel,S951,Nova Industrial,Middle East,WH 03,Dubai,Road,218,97.71,21300.78,18.65,7,1020,Delivered,5306.9
101367,4/26/2025,4/28/2025,5/2/2025,C9294,Europe,France,P97469,Shampoo Pack,FMCG,S891,Crescent Logistics,Asia,WH 03,Dubai,Rail,151,26.88,4058.88,14.36,4,2992,Delivered,547.53
101368,9/12/2024,9/12/2024,9/26/2024,C3577,Asia,China,P43443,Bookshelf,Furniture,S491,Orion Supplies,Asia,WH 10,Cairo,Rail,155,191.94,29750.7,10.71,14,1326,Delivered,4245.73
101369,10/15/2024,10/16/2024,10/21/2024,C7018,Middle East,Turkey,P34236,Shampoo Pack,FMCG,S634,Crescent Logistics,North America,WH 03,Dubai,Road,400,9.77,3908,23.81,5,1679,Delivered,643.12
101370,7/28/2025,8/1/2025,8/7/2025,C9600,Europe,Germany,P57670,Router,Electronics,S252,Evergreen Partners,Europe,WH 03,Dubai,Road,228,78.62,17925.36,14.03,6,1708,Delivered,1484.11
101371,7/30/2025,7/31/2025,8/12/2025,C3488,Europe,Poland,P38897,Hand Sanitizer Case,Healthcare,S470,Pioneer Distribution,Middle East,WH 06,Amsterdam,Rail,37,43.76,1619.12,11.59,12,215,Delivered,161.05
101372,3/29/2025,3/30/2025,4/8/2025,C9123,Asia,Bangladesh,P69596,Smart Watch,Electronics,S977,Orion Supplies,Asia,WH 10,Cairo,Rail,254,429.82,109174.28,12.49,9,992,Delivered,11840.52
101373,2/13/2025,2/18/2025,3/7/2025,C7257,Africa,Kenya,P45035,Power Bank,Electronics,S319,Evergreen Partners,Middle East,WH 09,Johannesburg,Sea,482,276.65,133345.3,16.8,17,992,Delivered,14785.67
101374,3/3/2025,3/3/2025,3/7/2025,C6333,Africa,Morocco,P98591,Denim Jeans,Apparel,S765,Evergreen Partners,Europe,WH 05,Frankfurt,Air,25,13.78,344.5,30.13,4,2732,Delivered,8.65
101375,10/18/2025,10/23/2025,10/25/2025,C3736,Africa,Egypt,P43724,Toothpaste Box,FMCG,S276,Evergreen Partners,Africa,WH 01,Karachi,Road,70,28.65,2005.5,10.71,2,3754,Delivered,276.17
101376,1/27/2025,1/31/2025,2/11/2025,C7569,Middle East,Saudi Arabia,P12838,Thermometer,Healthcare,S614,BlueRiver Trading,Middle East,WH 08,Chicago,Sea,138,66.81,9219.78,7.8,11,2062,In Transit,637.98
101377,12/18/2025,12/22/2025,12/27/2025,C7890,Middle East,Oman,P73253,Shampoo Pack,FMCG,S813,Zenith Procurement,Middle East,WH 04,Istanbul,Air,359,7.01,2516.59,38.35,5,2021,Delivered,222.37
101378,4/14/2024,4/14/2024,4/26/2024,C3625,Asia,Pakistan,P52591,Wireless Earbuds,Electronics,S157,Vertex Manufacturing,North America,WH 01,Karachi,Air,113,232.05,26221.65,35.83,12,1140,Delayed,4641.53
101379,10/4/2025,10/8/2025,10/25/2025,C2775,North America,United States,P96127,Vitamin Pack,Healthcare,S187,BlueRiver Trading,Europe,WH 10,Cairo,Sea,237,69.53,16478.61,12.34,17,1528,Delivered,1970.76
101380,8/18/2024,8/19/2024,8/23/2024,C3302,North America,United States,P39123,First Aid Kit,Healthcare,S241,Orion Supplies,Europe,WH 05,Frankfurt,Road,78,37.52,2926.56,14.69,4,3926,Delivered,405.87
101381,3/17/2025,3/22/2025,4/1/2025,C3560,Africa,Morocco,P17527,Router,Electronics,S676,Pioneer Distribution,Asia,WH 01,Karachi,Road,10,357.11,3571.1,12.76,10,430,Delivered,453.35
101382,2/1/2024,2/1/2024,2/3/2024,C4505,Asia,Bangladesh,P11084,Wireless Earbuds,Electronics,S652,Nova Industrial,Middle East,WH 09,Johannesburg,Air,450,305.17,137326.5,57.67,2,1427,Delivered,1321.67
101383,5/26/2024,5/29/2024,6/9/2024,C7794,North America,Canada,P89019,Denim Jeans,Apparel,S712,BlueRiver Trading,North America,WH 07,Toronto,Sea,196,70.79,13874.84,8.59,11,525,Delivered,1572.63
101384,6/5/2025,6/7/2025,6/13/2025,C5687,Africa,Kenya,P85236,Router,Electronics,S384,Evergreen Partners,Middle East,WH 10,Cairo,Road,411,399.7,164276.7,24.13,6,1638,Delivered,31925.87
101385,6/6/2025,6/7/2025,6/11/2025,C1794,North America,United States,P77258,Bottled Water Case,FMCG,S673,BlueRiver Trading,Asia,WH 04,Istanbul,Road,157,28.75,4513.75,16.92,4,402,In Transit,375.52
101386,5/25/2025,5/30/2025,6/16/2025,C5570,Europe,Sweden,P82242,Detergent Bag,FMCG,S491,Summit Supply Co,Africa,WH 09,Johannesburg,Sea,444,22.91,10172.04,16.11,17,354,Delivered,1109.93
101387,11/13/2024,11/16/2024,11/21/2024,C6528,Middle East,Saudi Arabia,P45515,Hoodie,Apparel,S156,Zenith Procurement,Africa,WH 07,Toronto,Air,122,11.55,1409.1,36.42,5,2936,Delivered,253.33
101388,2/23/2024,2/23/2024,2/26/2024,C9599,Middle East,Saudi Arabia,P62492,Detergent Bag,FMCG,S768,Vertex Manufacturing,Asia,WH 03,Dubai,Road,451,14.26,6431.26,25.26,3,2060,Delivered,457.17
101389,7/23/2025,7/28/2025,8/10/2025,C7920,Asia,Vietnam,P65928,Smart Watch,Electronics,S387,Nova Industrial,Africa,WH 02,Lahore,Rail,20,406.09,8121.8,11.18,13,1690,Delivered,1692.4
101390,5/9/2025,5/11/2025,5/25/2025,C4205,Asia,Malaysia,P46201,Denim Jeans,Apparel,S667,Nova Industrial,Europe,WH 02,Lahore,Rail,226,69.62,15734.12,16.18,14,3209,Delivered,1598.51
101391,7/12/2024,7/16/2024,7/19/2024,C9921,Africa,Nigeria,P71383,T Shirt Bundle,Apparel,S483,BlueRiver Trading,Europe,WH 08,Chicago,Air,262,43.02,11271.24,45.49,3,1245,Delivered,3329.84
101392,9/15/2025,9/18/2025,9/22/2025,C6704,Middle East,Qatar,P50533,Study Table,Furniture,S598,BlueRiver Trading,Africa,WH 08,Chicago,Air,189,50.87,9614.43,40.76,4,1575,Delivered,2164.81
101393,9/20/2024,9/21/2024,10/1/2024,C5954,North America,Canada,P43512,Floor Lamp,Furniture,S579,Vertex Manufacturing,Europe,WH 08,Chicago,Road,141,319.26,45015.66,16.47,10,530,In Transit,9935.49
101394,9/28/2025,9/29/2025,10/3/2025,C1089,Africa,Morocco,P53815,Hoodie,Apparel,S141,BlueRiver Trading,Middle East,WH 09,Johannesburg,Air,444,35.41,15722.04,57.28,4,1667,Delivered,1834.09
101395,8/30/2025,9/2/2025,9/15/2025,C8811,North America,Mexico,P87875,Router,Electronics,S649,Orion Supplies,Europe,WH 09,Johannesburg,Rail,487,431.19,209989.53,22.53,13,54,Delivered,26327.82
101396,12/7/2024,12/11/2024,12/13/2024,C8378,Europe,Sweden,P95017,Wireless Earbuds,Electronics,S351,Evergreen Partners,Europe,WH 10,Cairo,Road,12,380.82,4569.84,9.49,2,1075,Delivered,569.65
101397,7/19/2024,7/22/2024,8/4/2024,C3971,Asia,India,P58260,Floor Lamp,Furniture,S982,BlueRiver Trading,North America,WH 08,Chicago,Rail,83,305.73,25375.59,12.71,13,1770,Delivered,5235.25
101398,3/11/2025,3/11/2025,3/17/2025,C1633,Africa,Egypt,P19402,Bluetooth Speaker,Electronics,S825,Crescent Logistics,Asia,WH 07,Toronto,Rail,158,97.79,15450.82,14.53,6,643,Delivered,2814.79
101399,2/12/2024,2/12/2024,2/18/2024,C1606,Europe,Spain,P84399,T Shirt Bundle,Apparel,S343,Zenith Procurement,North America,WH 10,Cairo,Rail,424,75.92,32190.08,21,6,1788,Delivered,6006.01
101400,9/25/2025,9/30/2025,10/5/2025,C9716,Europe,Poland,P27857,Office Chair,Furniture,S477,Nova Industrial,Middle East,WH 01,Karachi,Rail,385,202.25,77866.25,20.05,5,2057,Delivered,20631.81
101401,8/3/2025,8/8/2025,8/19/2025,C3608,Middle East,Saudi Arabia,P76809,Snack Carton,FMCG,S581,Vertex Manufacturing,Asia,WH 10,Cairo,Sea,340,6.61,2247.4,14.22,11,500,Delivered,313.18
101402,6/27/2025,6/27/2025,7/4/2025,C1554,Asia,Vietnam,P46104,Sportswear Set,Apparel,S325,Pioneer Distribution,Europe,WH 01,Karachi,Rail,496,55.7,27627.2,22.74,7,1543,In Transit,3638.45
101403,2/10/2025,2/15/2025,3/6/2025,C3774,Asia,Vietnam,P19017,Bookshelf,Furniture,S200,Nova Industrial,Europe,WH 02,Lahore,Sea,66,234.89,15502.74,9.22,19,2159,Delivered,3463.75
101404,1/26/2024,1/28/2024,2/15/2024,C3930,Asia,Bangladesh,P40755,Office Chair,Furniture,S509,Nova Industrial,Middle East,WH 07,Toronto,Sea,298,99.52,29656.96,13.45,18,378,Delivered,7264.24
101405,4/19/2024,4/23/2024,5/12/2024,C6529,North America,United States,P18299,Bluetooth Speaker,Electronics,S488,Evergreen Partners,North America,WH 05,Frankfurt,Sea,434,294.45,127791.3,11.8,19,1141,Delayed,16472
101406,5/18/2025,5/23/2025,6/12/2025,C2855,Europe,Italy,P93517,Floor Lamp,Furniture,S309,Pioneer Distribution,Africa,WH 03,Dubai,Sea,346,184.5,63837,14.32,20,2014,Cancelled,-29.21
101407,6/11/2024,6/11/2024,6/22/2024,C5350,North America,Mexico,P40709,Face Mask Box,Healthcare,S457,Orion Supplies,Africa,WH 10,Cairo,Rail,464,75.66,35106.24,21.97,11,1190,Delivered,4159.76
101408,3/20/2024,3/25/2024,4/12/2024,C3887,Asia,China,P65833,Thermometer,Healthcare,S324,Crescent Logistics,North America,WH 06,Amsterdam,Sea,455,24.9,11329.5,16.31,18,1637,Cancelled,-67.08
101409,7/28/2024,7/29/2024,8/8/2024,C7714,Europe,Spain,P20935,Bottled Water Case,FMCG,S589,Zenith Procurement,Asia,WH 07,Toronto,Road,189,14.25,2693.25,17.83,10,501,Cancelled,-158.04
101410,10/15/2024,10/19/2024,10/24/2024,C6363,Africa,South Africa,P54893,Study Table,Furniture,S760,Pioneer Distribution,Africa,WH 02,Lahore,Air,265,54.11,14339.15,33.84,5,1771,Delivered,1709.53
101411,4/13/2024,4/15/2024,4/19/2024,C2041,Europe,Poland,P93127,Bottled Water Case,FMCG,S756,Summit Supply Co,Europe,WH 10,Cairo,Road,47,11.83,556.01,10.23,4,1978,Delivered,73.85
101412,12/22/2024,12/27/2024,12/31/2024,C9739,Europe,Italy,P91919,Toothpaste Box,FMCG,S259,Vertex Manufacturing,Asia,WH 06,Amsterdam,Rail,434,38.67,16782.78,21.24,4,2474,Delivered,2377.25
101413,10/28/2024,10/30/2024,10/31/2024,C9874,Asia,Bangladesh,P67600,Socks Pack,Apparel,S156,BlueRiver Trading,Middle East,WH 08,Chicago,Air,18,96.14,1730.52,29.68,1,3335,Delivered,233.33
101414,11/12/2025,11/17/2025,11/27/2025,C5862,Middle East,Qatar,P78606,Socks Pack,Apparel,S776,Evergreen Partners,Africa,WH 06,Amsterdam,Rail,381,17.8,6781.8,19.95,10,2143,Delivered,784.63
101415,11/30/2025,12/3/2025,12/10/2025,C2554,Europe,Spain,P31983,Bookshelf,Furniture,S686,Crescent Logistics,Africa,WH 10,Cairo,Road,239,159.05,38012.95,19.25,7,104,Cancelled,-247.25
101416,12/19/2024,12/22/2024,1/8/2025,C4613,Africa,Egypt,P38994,Bookshelf,Furniture,S662,Evergreen Partners,North America,WH 10,Cairo,Sea,69,282.63,19501.47,9.28,17,409,Delivered,1753.97
101417,9/27/2024,9/29/2024,10/7/2024,C6207,Asia,Vietnam,P48585,Bluetooth Speaker,Electronics,S854,Orion Supplies,Africa,WH 07,Toronto,Road,77,388.89,29944.53,14.66,8,482,Delivered,4655.86
101418,7/3/2025,7/5/2025,7/10/2025,C2545,Middle East,Turkey,P71465,Vitamin Pack,Healthcare,S147,Pioneer Distribution,Africa,WH 10,Cairo,Road,356,87.23,31053.88,22.57,5,1902,Delivered,4495.27
101419,11/18/2024,11/22/2024,12/2/2024,C9847,North America,Canada,P80417,Toothpaste Box,FMCG,S322,Pioneer Distribution,Africa,WH 07,Toronto,Road,84,41.04,3447.36,14.86,10,2520,Delivered,571.83
101420,6/15/2024,6/18/2024,6/20/2024,C8342,Europe,Sweden,P44018,Office Chair,Furniture,S137,Zenith Procurement,Middle East,WH 07,Toronto,Road,472,189.04,89226.88,25.86,2,1721,Delivered,5198.49
101421,1/22/2025,1/25/2025,2/8/2025,C2925,Asia,Bangladesh,P60189,Detergent Bag,FMCG,S470,Nova Industrial,North America,WH 05,Frankfurt,Rail,121,48.26,5839.46,13.63,14,1738,Delivered,891.8
101422,8/30/2024,8/31/2024,9/4/2024,C9721,Middle East,Saudi Arabia,P32098,Power Bank,Electronics,S946,Orion Supplies,Asia,WH 01,Karachi,Air,240,214.03,51367.2,44.06,4,1752,Delivered,11151.42
101423,1/15/2025,1/16/2025,2/3/2025,C9497,North America,Mexico,P80440,Hand Sanitizer Case,Healthcare,S961,Zenith Procurement,Europe,WH 10,Cairo,Sea,249,17.36,4322.64,12.56,18,930,Delivered,822.07
101424,1/26/2025,1/26/2025,2/9/2025,C2685,Europe,Netherlands,P45682,Study Table,Furniture,S494,Vertex Manufacturing,Middle East,WH 01,Karachi,Rail,453,271.52,122998.56,21.7,14,727,Delivered,22805.06
101425,3/1/2024,3/6/2024,3/10/2024,C3693,Europe,Poland,P82417,Study Table,Furniture,S750,Evergreen Partners,North America,WH 09,Johannesburg,Rail,119,264.56,31482.64,13.58,4,504,Delivered,7283.33
101426,5/17/2024,5/21/2024,6/5/2024,C2249,Middle East,Saudi Arabia,P32970,Smart Watch,Electronics,S305,Summit Supply Co,Asia,WH 10,Cairo,Sea,173,230.12,39810.76,11.17,15,744,Delivered,5291.12
101427,8/19/2025,8/21/2025,9/2/2025,C6303,North America,Mexico,P28018,Snack Carton,FMCG,S336,Atlas Sourcing,Asia,WH 02,Lahore,Rail,412,36.73,15132.76,20.7,12,3328,Delivered,2157.39
101428,12/7/2025,12/9/2025,12/19/2025,C4530,Middle East,United Arab Emirates,P74713,First Aid Kit,Healthcare,S522,Orion Supplies,Africa,WH 09,Johannesburg,Road,289,36.39,10516.71,20.67,10,3240,Delivered,1067.16
101429,3/20/2024,3/24/2024,4/3/2024,C1906,Africa,Egypt,P21955,Smart Watch,Electronics,S508,Pioneer Distribution,North America,WH 03,Dubai,Road,40,364.06,14562.4,13.61,10,1576,Delivered,2136.74
101430,4/17/2025,4/17/2025,5/2/2025,C1466,Europe,Italy,P58555,Detergent Bag,FMCG,S156,Atlas Sourcing,Middle East,WH 05,Frankfurt,Sea,331,32.28,10684.68,14.05,15,1818,Cancelled,-199.33
101431,1/4/2024,1/9/2024,1/19/2024,C9692,North America,United States,P56741,Shampoo Pack,FMCG,S333,Vertex Manufacturing,Asia,WH 02,Lahore,Road,418,27.43,11465.74,24.32,10,484,Delivered,810.77
101432,2/24/2024,2/28/2024,3/10/2024,C2601,Africa,South Africa,P32151,Smart Watch,Electronics,S845,Nova Industrial,North America,WH 03,Dubai,Rail,208,280.44,58331.52,15.75,11,949,Delivered,4898.35
101433,11/2/2024,11/7/2024,11/16/2024,C8135,Asia,Malaysia,P36657,Denim Jeans,Apparel,S926,Evergreen Partners,Asia,WH 08,Chicago,Road,139,109.09,15163.51,12.16,9,1324,Delivered,3388.8
101434,3/21/2024,3/24/2024,4/1/2024,C7287,Middle East,United Arab Emirates,P44173,Office Chair,Furniture,S554,Atlas Sourcing,Middle East,WH 07,Toronto,Road,426,210.99,89881.74,18.19,8,625,Delivered,14634.33
101435,4/16/2024,4/19/2024,4/22/2024,C3751,Middle East,Saudi Arabia,P99424,Snack Carton,FMCG,S837,Orion Supplies,Europe,WH 10,Cairo,Air,251,19.24,4829.24,44.78,3,661,Delivered,319.41
101436,5/31/2024,6/1/2024,6/8/2024,C1269,Asia,Bangladesh,P99624,Sportswear Set,Apparel,S199,Vertex Manufacturing,Africa,WH 09,Johannesburg,Road,114,66.57,7588.98,15.71,7,587,Delivered,1310.6
101437,12/25/2024,12/30/2024,1/2/2025,C6474,Europe,Netherlands,P27864,T Shirt Bundle,Apparel,S821,Atlas Sourcing,Africa,WH 01,Karachi,Road,28,38.87,1088.36,13.27,3,2011,Delivered,279.7
101438,10/24/2025,10/25/2025,10/31/2025,C3072,Africa,Morocco,P65803,Toothpaste Box,FMCG,S197,Zenith Procurement,Asia,WH 04,Istanbul,Road,277,28.99,8030.23,20.33,6,2087,Delivered,715.5
101439,5/12/2024,5/15/2024,5/18/2024,C1854,North America,United States,P73372,Shampoo Pack,FMCG,S658,Crescent Logistics,North America,WH 05,Frankfurt,Road,255,14.82,3779.1,14.6,3,539,Cancelled,-203.54
101440,7/16/2024,7/18/2024,7/24/2024,C6710,Europe,Germany,P87228,Socks Pack,Apparel,S890,Nova Industrial,Middle East,WH 08,Chicago,Rail,241,57,13737,16.55,6,805,Delivered,2670.46
101441,12/9/2025,12/9/2025,12/18/2025,C9657,Africa,Egypt,P22777,Snack Carton,FMCG,S868,Crescent Logistics,Europe,WH 05,Frankfurt,Rail,126,30.4,3830.4,13.75,9,495,In Transit,661.05
101442,9/7/2024,9/12/2024,9/18/2024,C5275,Asia,Indonesia,P87027,Hand Sanitizer Case,Healthcare,S732,Crescent Logistics,Europe,WH 08,Chicago,Rail,116,37.83,4388.28,13.51,6,1880,Delivered,575.66
101443,6/26/2025,6/30/2025,7/12/2025,C8230,Middle East,Oman,P91331,Hand Sanitizer Case,Healthcare,S147,Zenith Procurement,Africa,WH 02,Lahore,Rail,454,44.82,20348.28,21.72,12,3073,Delivered,1782.04
101444,1/28/2024,1/29/2024,2/10/2024,C3256,Middle East,Saudi Arabia,P45402,Hand Sanitizer Case,Healthcare,S676,Zenith Procurement,Asia,WH 08,Chicago,Rail,346,61.42,21251.32,19.1,12,3664,Delivered,4093.96
101445,7/16/2024,7/18/2024,7/31/2024,C7748,Asia,Indonesia,P41460,Socks Pack,Apparel,S748,Evergreen Partners,North America,WH 10,Cairo,Sea,114,11.34,1292.76,10.1,13,678,Delivered,302.52
101446,10/17/2025,10/21/2025,10/25/2025,C3657,Middle East,United Arab Emirates,P54935,Smart Watch,Electronics,S504,Zenith Procurement,Middle East,WH 03,Dubai,Air,313,289.07,90478.91,36.14,4,897,In Transit,18701.65
101447,7/27/2025,7/29/2025,8/2/2025,C8778,Europe,Germany,P37446,Snack Carton,FMCG,S383,Zenith Procurement,Europe,WH 06,Amsterdam,Air,366,14.1,5160.6,38.69,4,436,Delivered,789.89
101448,6/23/2025,6/28/2025,7/6/2025,C9400,Asia,Bangladesh,P74669,Wireless Earbuds,Electronics,S436,Atlas Sourcing,Middle East,WH 10,Cairo,Road,236,173.24,40884.64,19.16,8,107,Delivered,7293.96
101449,1/11/2025,1/13/2025,1/14/2025,C5510,Europe,Netherlands,P83541,Power Bank,Electronics,S714,Nova Industrial,Africa,WH 04,Istanbul,Air,226,181.72,41068.72,43.16,1,1649,Delivered,5500.79
101450,7/21/2025,7/23/2025,8/11/2025,C9678,Asia,Indonesia,P16294,Socks Pack,Apparel,S458,BlueRiver Trading,Africa,WH 07,Toronto,Sea,377,72.35,27275.95,14.89,19,2404,Delivered,6102.03
101451,7/23/2025,7/23/2025,8/2/2025,C3972,North America,Canada,P86848,Toothpaste Box,FMCG,S998,Orion Supplies,Middle East,WH 08,Chicago,Rail,121,24.23,2931.83,13.63,10,1645,Delivered,502.59
101452,2/16/2024,2/19/2024,2/26/2024,C6779,North America,Canada,P39063,Bluetooth Speaker,Electronics,S453,Pioneer Distribution,Europe,WH 10,Cairo,Road,314,301.51,94674.14,21.38,7,1638,Delivered,9634.27
101453,7/15/2025,7/15/2025,7/16/2025,C4420,Africa,Egypt,P12068,Detergent Bag,FMCG,S810,Orion Supplies,North America,WH 01,Karachi,Air,198,47.87,9478.26,41.34,1,451,Delivered,480.87
101454,3/15/2024,3/20/2024,3/23/2024,C7389,Middle East,Qatar,P74802,Bottled Water Case,FMCG,S211,Orion Supplies,Africa,WH 09,Johannesburg,Road,212,12.33,2613.96,18.48,3,3708,Delivered,168.96
101455,4/25/2024,4/27/2024,5/4/2024,C3389,North America,Mexico,P83694,Bluetooth Speaker,Electronics,S709,Pioneer Distribution,Asia,WH 07,Toronto,Road,225,236.78,53275.5,18.85,7,1439,Delivered,8902.08
101456,8/2/2025,8/7/2025,8/9/2025,C1489,North America,Canada,P76520,Sportswear Set,Apparel,S982,BlueRiver Trading,Africa,WH 06,Amsterdam,Air,256,105.73,27066.88,45.1,2,2037,Delivered,7873.78
101457,9/6/2024,9/9/2024,9/17/2024,C9075,Africa,South Africa,P66782,Bookshelf,Furniture,S882,Pioneer Distribution,Middle East,WH 02,Lahore,Rail,410,304.89,125004.9,20.66,8,232,Delivered,30304.06
101458,3/14/2024,3/15/2024,3/19/2024,C5059,Africa,South Africa,P86821,Smart Watch,Electronics,S527,Orion Supplies,Asia,WH 03,Dubai,Air,41,290,11890,31.17,4,1588,Delivered,2480.33
101459,8/6/2024,8/6/2024,8/14/2024,C7153,North America,Mexico,P81123,Study Table,Furniture,S435,Crescent Logistics,Asia,WH 04,Istanbul,Road,133,335.78,44658.74,16.24,8,1741,Delivered,6837.58
101460,7/10/2025,7/10/2025,7/19/2025,C5447,Africa,South Africa,P30523,Wireless Earbuds,Electronics,S691,Orion Supplies,Asia,WH 01,Karachi,Air,321,433.52,139159.92,49.31,9,485,Delivered,21561.66
101461,11/3/2025,11/8/2025,11/12/2025,C7174,Asia,Bangladesh,P25689,Socks Pack,Apparel,S901,Evergreen Partners,North America,WH 03,Dubai,Air,178,43.05,7662.9,40.05,4,2656,Delivered,1660.04
101462,7/13/2025,7/18/2025,8/6/2025,C4237,Africa,Egypt,P11027,Smart Watch,Electronics,S987,Zenith Procurement,Europe,WH 10,Cairo,Sea,128,346.26,44321.28,10.35,19,519,Delivered,4715.08
101463,1/4/2025,1/8/2025,1/16/2025,C5142,Middle East,United Arab Emirates,P75481,Thermometer,Healthcare,S651,Atlas Sourcing,Africa,WH 08,Chicago,Rail,131,76.46,10016.26,13.88,8,1763,Delivered,1771.56
101464,1/24/2025,1/26/2025,2/8/2025,C4654,North America,Canada,P74372,Study Table,Furniture,S857,BlueRiver Trading,North America,WH 05,Frankfurt,Rail,205,255.58,52393.9,11.61,13,670,Delivered,10686.66
101465,10/23/2024,10/28/2024,11/7/2024,C3364,North America,Mexico,P25072,Toothpaste Box,FMCG,S496,BlueRiver Trading,Asia,WH 08,Chicago,Road,98,49.55,4855.9,15.25,10,3090,Delivered,652.81
101466,7/13/2025,7/14/2025,7/24/2025,C9501,Europe,Germany,P35594,Bottled Water Case,FMCG,S439,Evergreen Partners,Europe,WH 08,Chicago,Road,144,32.69,4707.36,12.26,10,4110,Delivered,310.85
101467,4/12/2025,4/16/2025,4/18/2025,C7088,North America,United States,P52044,Thermometer,Healthcare,S557,Summit Supply Co,North America,WH 05,Frankfurt,Road,470,67.96,31941.2,19.11,2,2695,Delivered,4414.09
101468,5/29/2025,6/2/2025,6/8/2025,C8952,Europe,Sweden,P34440,Vitamin Pack,Healthcare,S698,Crescent Logistics,Europe,WH 06,Amsterdam,Rail,49,69.26,3393.74,8.8,6,1146,In Transit,595.59
101469,2/18/2025,2/21/2025,3/7/2025,C9614,Middle East,Turkey,P35147,First Aid Kit,Healthcare,S961,Evergreen Partners,Europe,WH 02,Lahore,Rail,236,11.18,2638.48,16.43,14,1623,Delivered,170.38
101470,7/28/2024,7/30/2024,7/31/2024,C1316,Middle East,Saudi Arabia,P25977,Socks Pack,Apparel,S705,BlueRiver Trading,Europe,WH 08,Chicago,Air,72,40.59,2922.48,33.18,1,2744,Delivered,697.93
101471,5/8/2024,5/11/2024,5/20/2024,C3930,Asia,India,P69643,Power Bank,Electronics,S234,Crescent Logistics,North America,WH 01,Karachi,Road,340,188.99,64256.6,22.11,9,709,Delivered,7124.31
101472,1/2/2025,1/6/2025,1/10/2025,C8829,Africa,Egypt,P93816,Hoodie,Apparel,S800,BlueRiver Trading,Africa,WH 02,Lahore,Rail,30,89.31,2679.3,8.46,4,2480,Delivered,495.4
101473,2/14/2025,2/18/2025,2/21/2025,C7501,Middle East,Saudi Arabia,P88845,Bottled Water Case,FMCG,S713,Summit Supply Co,Middle East,WH 09,Johannesburg,Air,295,27.76,8189.2,35.28,3,3658,Delivered,1135.2
101474,12/30/2024,1/4/2025,1/7/2025,C6870,Asia,Malaysia,P40736,Hoodie,Apparel,S317,BlueRiver Trading,Asia,WH 07,Toronto,Air,238,79.74,18978.12,32.54,3,2344,Delivered,2444.85
101475,12/17/2024,12/19/2024,12/25/2024,C3400,Europe,Italy,P79814,Bottled Water Case,FMCG,S554,Crescent Logistics,Africa,WH 05,Frankfurt,Rail,143,23.03,3293.29,14.17,6,4315,Delivered,284.32
101476,10/1/2025,10/6/2025,10/11/2025,C9773,Africa,Egypt,P59939,Bluetooth Speaker,Electronics,S890,Atlas Sourcing,Asia,WH 04,Istanbul,Rail,319,60.49,19296.31,18.44,5,269,Delivered,2270.06
101477,4/16/2025,4/20/2025,4/22/2025,C3886,Asia,Pakistan,P97108,Hand Sanitizer Case,Healthcare,S925,Atlas Sourcing,Asia,WH 09,Johannesburg,Road,72,41.21,2967.12,10.75,2,3661,In Transit,538.59
101478,1/14/2025,1/15/2025,1/17/2025,C5043,North America,United States,P24242,Face Mask Box,Healthcare,S697,Evergreen Partners,Middle East,WH 02,Lahore,Road,176,38.94,6853.44,17.46,2,364,Delivered,1204
101479,11/17/2025,11/17/2025,12/12/2025,C6622,North America,Canada,P23570,Toothpaste Box,FMCG,S277,Atlas Sourcing,North America,WH 05,Frankfurt,Sea,419,44.26,18544.94,11.6,25,1641,Delayed,721.09
101480,6/25/2025,6/26/2025,7/1/2025,C6437,Asia,Pakistan,P61134,Detergent Bag,FMCG,S690,Vertex Manufacturing,Middle East,WH 05,Frankfurt,Air,203,9.1,1847.3,41.67,5,1419,Delivered,219.51
101481,5/13/2025,5/17/2025,6/7/2025,C3673,Europe,Italy,P56921,Smart Watch,Electronics,S692,Crescent Logistics,North America,WH 08,Chicago,Sea,359,268.86,96520.74,14.56,21,1514,Delayed,13116
101482,4/3/2024,4/5/2024,4/21/2024,C3946,Asia,China,P26472,Floor Lamp,Furniture,S602,Zenith Procurement,Asia,WH 03,Dubai,Sea,264,179.77,47459.28,9.5,16,1495,Delivered,9980.74
101483,1/21/2025,1/21/2025,1/23/2025,C8153,Asia,India,P47310,Router,Electronics,S932,Zenith Procurement,Middle East,WH 10,Cairo,Air,344,211.73,72835.12,50.8,2,1165,Delivered,12473.09
101484,1/3/2024,1/3/2024,1/10/2024,C5087,Middle East,Saudi Arabia,P42655,Office Chair,Furniture,S563,Orion Supplies,Asia,WH 10,Cairo,Road,113,305.47,34518.11,15.68,7,978,Delivered,6383.57
101485,6/10/2025,6/14/2025,6/15/2025,C1360,Europe,Netherlands,P80135,First Aid Kit,Healthcare,S687,Crescent Logistics,Asia,WH 02,Lahore,Air,39,73.07,2849.73,31.04,1,2373,Delivered,339.22
101486,9/19/2024,9/24/2024,9/26/2024,C9497,North America,Canada,P37955,Bookshelf,Furniture,S770,Summit Supply Co,North America,WH 08,Chicago,Air,494,311.27,153767.38,44.83,2,1007,Delivered,29068.12
101487,1/15/2024,1/16/2024,1/20/2024,C8445,North America,Canada,P89817,Wireless Earbuds,Electronics,S558,Nova Industrial,North America,WH 09,Johannesburg,Air,47,170.14,7996.58,23.38,4,1777,Delivered,1345.33
101488,1/1/2024,1/6/2024,1/16/2024,C5715,Asia,Bangladesh,P44162,Vitamin Pack,Healthcare,S921,Crescent Logistics,Middle East,WH 04,Istanbul,Rail,76,19.89,1511.64,12.54,10,3972,Cancelled,-203.02
101489,5/13/2024,5/13/2024,5/30/2024,C7090,North America,Canada,P21377,Smart Watch,Electronics,S187,Vertex Manufacturing,Middle East,WH 06,Amsterdam,Sea,147,134.24,19733.28,10.7,17,584,Delivered,2122.27
101490,3/22/2025,3/26/2025,4/5/2025,C5734,Asia,India,P95293,Office Chair,Furniture,S732,Nova Industrial,Africa,WH 08,Chicago,Sea,414,254.96,105553.44,15.56,10,886,Delivered,22722.79
101491,7/17/2025,7/17/2025,7/29/2025,C4822,North America,Mexico,P65305,Hoodie,Apparel,S401,Evergreen Partners,Africa,WH 07,Toronto,Sea,368,89.27,32851.36,14.73,12,954,Delivered,6354.37
101492,12/22/2024,12/24/2024,12/28/2024,C3420,North America,United States,P94448,Router,Electronics,S321,Summit Supply Co,North America,WH 10,Cairo,Air,414,134.56,55707.84,40.99,4,564,Delivered,12159.04
101493,7/11/2024,7/14/2024,7/16/2024,C3662,Middle East,Oman,P70049,Hand Sanitizer Case,Healthcare,S389,Nova Industrial,Asia,WH 01,Karachi,Road,266,37.45,9961.7,20.02,2,3735,Delivered,859.04
101494,3/29/2025,3/29/2025,4/11/2025,C5258,Europe,Spain,P79907,Detergent Bag,FMCG,S463,Nova Industrial,Africa,WH 09,Johannesburg,Rail,139,13.54,1882.06,14.07,13,2302,Delivered,89.49
101495,8/30/2024,9/3/2024,9/28/2024,C4201,North America,Canada,P80288,T Shirt Bundle,Apparel,S182,Nova Industrial,Asia,WH 08,Chicago,Sea,369,27.72,10228.68,14.74,25,891,Delivered,1927.04
101496,2/20/2024,2/21/2024,3/2/2024,C5994,Europe,Italy,P14696,Vitamin Pack,Healthcare,S447,Orion Supplies,Middle East,WH 05,Frankfurt,Road,341,46.67,15914.47,22.14,10,3023,Delivered,1567.83
101497,5/26/2024,5/30/2024,6/7/2024,C5909,Middle East,Qatar,P83563,Bluetooth Speaker,Electronics,S501,Nova Industrial,Europe,WH 06,Amsterdam,Road,83,85.54,7099.82,14.83,8,189,Delivered,575.58
101498,6/4/2025,6/8/2025,6/16/2025,C4142,Africa,Morocco,P36409,Shampoo Pack,FMCG,S546,Nova Industrial,Europe,WH 04,Istanbul,Air,99,6.49,642.51,34.93,8,4502,Delivered,59.85
101499,5/26/2024,5/26/2024,6/6/2024,C5950,Africa,South Africa,P99007,Denim Jeans,Apparel,S181,Orion Supplies,Middle East,WH 06,Amsterdam,Rail,457,25.36,11589.52,21.8,11,1145,Delivered,628.58
